,date_premiere_cap,token,profil_utilisateur,year
0,2021-09-27,ANONYMOUSTOKEN4247,1,2021
1,2019-05-04,s9obju10,1,2019
2,2020-10-12,45412986,1,2020
3,2019-04-28,77395357,1,2019
4,2019-05-19,98885414,1,2019
5,2022-08-23,90313924,0,2022
6,2020-10-15,ANONYMOUSTOKEN3291,1,2020
7,2020-09-22,64199360,1,2020
8,2022-10-26,ANONYMOUSTOKEN5162,0,2022
9,2019-05-24,04065471,0,2019
10,2020-01-13,pjkop410,1,2020
11,2019-05-10,ANONYMOUSTOKEN2178,1,2019
12,2020-09-19,67456008,1,2020
13,2019-05-24,egha6n10,1,2019
14,2022-09-26,68610831,0,2022
15,2019-05-17,75706426,1,2019
16,2019-04-29,ANONYMOUSTOKEN1727,1,2019
17,2019-04-26,75727873,0,2019
18,2019-04-28,58980648,1,2019
19,2019-06-22,ANONYMOUSTOKEN2509,1,2019
20,2020-09-18,ANONYMOUSTOKEN3229,1,2020
21,2020-09-18,34045835,1,2020
22,2020-08-13,51480159,1,2020
23,2022-09-26,12092721,0,2022
24,2019-04-30,ANONYMOUSTOKEN1933,1,2019
25,2019-04-26,ANONYMOUSTOKEN1106,1,2019
26,2021-09-24,59241488,1,2021
27,2019-05-27,02364760,1,2019
28,2019-04-11,b3ywun10,1,2019
29,2019-04-27,18217811,1,2019
30,2019-04-29,37018015,1,2019
31,2020-09-21,ANONYMOUSTOKEN3365,1,2020
32,2020-09-23,46268146,1,2020
33,2020-07-18,93127630,1,2020
34,2021-08-03,ANONYMOUSTOKEN3582,1,2021
35,2020-07-16,ANONYMOUSTOKEN2943,1,2020
36,2021-09-27,ANONYMOUSTOKEN4244,1,2021
37,2020-10-18,d9nkzb10,1,2020
38,2021-09-15,TESTGFINBOSONY24,1,2021
39,2019-04-27,ANONYMOUSTOKEN1392,1,2019
40,2019-04-28,62644030,1,2019
41,2020-09-21,74793713,1,2020
42,2020-01-01,56874938,0,2020
43,2019-04-28,23298934,1,2019
44,2019-05-18,63841125,1,2019
45,2021-09-24,30154746,0,2021
46,2020-09-18,39844656,1,2020
47,2022-07-20,ANONYMOUSTOKEN4696,0,2022
48,2019-04-30,57915896,1,2019
49,2019-04-27,58543615,1,2019
50,2019-06-12,ANONYMOUSTOKEN2377,1,2019
51,2020-09-29,87113716,1,2020
52,2020-09-19,73012659,1,2020
53,2019-08-29,99628647,1,2019
54,2019-05-04,en9dhq10,1,2019
55,2019-05-17,68894658,1,2019
56,2020-07-11,ANONYMOUSTOKEN2942,1,2020
57,2022-09-29,19426985,0,2022
58,2019-05-11,66162764,1,2019
59,2022-10-07,ANONYMOUSTOKEN4893,0,2022
60,2021-08-10,ANONYMOUSTOKEN3685,1,2021
61,2022-08-21,23414682,0,2022
62,2020-07-15,ANONYMOUSTOKEN2836,1,2020
63,2021-10-01,42598467,1,2021
64,2021-09-24,38041242,1,2021
65,2022-10-27,69596435,0,2022
66,2019-05-20,ANONYMOUSTOKEN1482,1,2019
67,2019-06-12,06418133,1,2019
68,2019-05-15,sh6jz310,1,2019
69,2019-05-04,ANONYMOUSTOKEN2028,1,2019
70,2019-05-20,61968570,1,2019
71,2019-05-15,34345716,1,2019
72,2022-10-26,ANONYMOUSTOKEN5156,0,2022
73,2022-06-16,ANONYMOUSTOKEN4668,0,2022
74,2019-04-27,67903605,1,2019
75,2019-05-09,32870505,1,2019
76,2021-10-05,ip8r5z10,1,2021
77,2020-10-09,ANONYMOUSTOKEN1257,1,2020
78,2022-10-21,ANONYMOUSTOKEN5090,0,2022
79,2019-05-07,49892228,1,2019
80,2021-09-24,ANONYMOUSTOKEN3994,1,2021
81,2020-01-10,ANONYMOUSTOKEN2751,1,2020
82,2020-10-14,ANONYMOUSTOKEN3526,1,2020
83,2019-05-27,ANONYMOUSTOKEN2452,1,2019
84,2019-04-26,48791759,1,2019
85,2020-10-28,ANONYMOUSTOKEN3549,1,2020
86,2020-01-01,ANONYMOUSTOKEN2628,1,2020
87,2020-07-16,85938359,1,2020
88,2019-04-26,87157957,1,2019
89,2021-09-25,94275575,1,2021
90,2022-10-22,92984902,0,2022
91,2021-12-16,TESTGFIBUGFIXDUS,1,2021
92,2020-09-26,ANONYMOUSTOKEN3446,1,2020
93,2019-04-29,02650050,1,2019
94,2019-05-22,44227238,1,2019
95,2021-09-27,90856944,1,2021
96,2021-09-24,09980433,1,2021
97,2020-01-10,13376728,0,2020
98,2019-05-17,ANONYMOUSTOKEN2326,1,2019
99,2019-04-29,25301263,1,2019
100,2019-04-26,02422081,1,2019
101,2020-01-02,ura9jf10,1,2020
102,2021-10-03,67560677,0,2021
103,2019-06-08,lqod1a10,1,2019
104,2020-09-22,23729256,1,2020
105,2019-04-30,40687391,1,2019
106,2021-10-05,95500856,1,2021
107,2020-07-19,74086432,1,2020
108,2019-07-14,00441250,1,2019
109,2019-05-14,44104099,1,2019
110,2020-10-17,ANONYMOUSTOKEN3532,1,2020
111,2022-08-30,ANONYMOUSTOKEN4778,0,2022
112,2021-10-02,ANONYMOUSTOKEN4279,0,2021
113,2019-05-13,csv2tr10,1,2019
114,2020-10-19,59762623,1,2020
115,2019-04-24,ANONYMOUSTOKEN923,1,2019
116,2020-01-11,57607766,1,2020
117,2022-06-27,48792995,1,2022
118,2021-09-27,28347102,1,2021
119,2019-05-17,81469125,1,2019
120,2020-09-21,04732048,0,2020
121,2019-05-27,kxbnkd10,1,2019
122,2019-04-15,ANONYMOUSTOKEN866,1,2019
123,2019-04-29,19255987,1,2019
124,2022-11-24,79954777,0,2022
125,2022-09-27,ANONYMOUSTOKEN4826,0,2022
126,2021-09-24,84002147,1,2021
127,2020-01-05,97803465,1,2020
128,2020-01-09,ANONYMOUSTOKEN2726,1,2020
129,2019-04-26,ANONYMOUSTOKEN1031,1,2019
130,2022-05-22,ANONYMOUSTOKEN4580,0,2022
131,2021-04-10,60617209,1,2021
132,2020-07-16,86036231,1,2020
133,2019-07-13,14757252,1,2019
134,2021-09-29,71584518,1,2021
135,2020-07-17,43974336,1,2020
136,2020-09-23,ANONYMOUSTOKEN3421,1,2020
137,2020-08-21,26460928,1,2020
138,2019-04-25,35852504,1,2019
139,2021-09-24,64729824,0,2021
140,2021-02-16,ANONYMOUSTOKEN3617,1,2021
141,2020-07-06,ANONYMOUSTOKEN2829,1,2020
142,2019-06-02,zgl7v010,1,2019
143,2020-10-20,ANONYMOUSTOKEN3540,1,2020
144,2019-08-30,ANONYMOUSTOKEN2565,1,2019
145,2020-07-12,ANONYMOUSTOKEN2965,1,2020
146,2019-05-06,64742581,1,2019
147,2021-09-28,64808071,1,2021
148,2021-09-27,ANONYMOUSTOKEN4129,1,2021
149,2022-10-28,22842952,0,2022
150,2021-09-27,s6gr6210,1,2021
151,2022-05-24,16794940,1,2022
152,2019-04-27,ANONYMOUSTOKEN1474,1,2019
153,2022-11-20,ANONYMOUSTOKEN5299,0,2022
154,2022-08-03,ANONYMOUSTOKEN4700,0,2022
155,2019-05-07,24861292,1,2019
156,2019-04-26,79001771,1,2019
157,2019-08-20,g0np5110 ,1,2019
158,2019-05-07,ANONYMOUSTOKEN2098,1,2019
159,2020-09-22,24501172,1,2020
160,2021-10-06,19292848,1,2021
161,2019-05-02,87309866,1,2019
162,2019-08-31,98026739,1,2019
163,2019-07-17,ANONYMOUSTOKEN2539,1,2019
164,2021-01-03,ANONYMOUSTOKEN3588,1,2021
165,2022-11-14,ANONYMOUSTOKEN5275,0,2022
166,2020-12-28,ANONYMOUSTOKEN3585,1,2020
167,2019-04-26,o4w33810,0,2019
168,2019-04-29,87888820,1,2019
169,2020-10-19,ANONYMOUSTOKEN3541,1,2020
170,2021-02-10,ANONYMOUSTOKEN3138,1,2021
171,2022-08-24,ANONYMOUSTOKEN4763,0,2022
172,2021-07-30,ANONYMOUSTOKEN3696,1,2021
173,2022-06-24,ANONYMOUSTOKEN4681,0,2022
174,2020-09-18,ANONYMOUSTOKEN3145,1,2020
175,2019-04-12,mmq2bf10,1,2019
176,2021-09-11,17896153,1,2021
177,2022-11-14,49444932,0,2022
178,2021-09-28,54903530,1,2021
179,2019-04-26,ANONYMOUSTOKEN1195,1,2019
180,2019-04-30,19079539,1,2019
181,2020-09-18,27450616,1,2020
182,2020-09-26,39255690,1,2020
183,2021-09-26,ANONYMOUSTOKEN3874,1,2021
184,2019-05-20,42353076,1,2019
185,2019-04-29,67255062,1,2019
186,2019-05-06,44574636,1,2019
187,2022-11-05,10418937,0,2022
188,2019-04-28,93579024,1,2019
189,2022-10-21,92603275,0,2022
190,2021-09-24,96850638,1,2021
191,2019-07-03,21432126,1,2019
192,2019-05-26,ANONYMOUSTOKEN2446,1,2019
193,2019-05-17,ANONYMOUSTOKEN2289,1,2019
194,2022-10-26,05934607,0,2022
195,2019-05-06,o32js610,1,2019
196,2019-04-27,ANONYMOUSTOKEN1246,1,2019
197,2019-04-19,mlki0810,1,2019
198,2019-04-29,10900031,1,2019
199,2019-05-02,90143919,1,2019
200,2022-10-16,ANONYMOUSTOKEN5015,0,2022
201,2020-07-16,ANONYMOUSTOKEN2966,1,2020
202,2019-04-29,92731389,1,2019
203,2020-09-18,ANONYMOUSTOKEN3209,1,2020
204,2020-09-18,46382941,1,2020
205,2021-09-26,62838252,1,2021
206,2020-09-26,32495805,1,2020
207,2022-09-24,23960676,0,2022
208,2019-04-28,64879616,1,2019
209,2019-05-04,ANONYMOUSTOKEN2057,1,2019
210,2019-05-21,ANONYMOUSTOKEN2431,1,2019
211,2020-07-16,61788387,0,2020
212,2022-10-20,ANONYMOUSTOKEN5078,0,2022
213,2022-09-26,92310994,0,2022
214,2022-10-22,14131364,0,2022
215,2022-10-23,ANONYMOUSTOKEN5120,0,2022
216,2020-07-07,ANONYMOUSTOKEN2839,1,2020
217,2022-06-21,78617502,1,2022
218,2019-04-28,01747546,1,2019
219,2021-10-28,74154022,0,2021
220,2019-05-08,53847326,1,2019
221,2022-10-21,78406982,0,2022
222,2020-07-22,87849086,1,2020
223,2019-05-04,ANONYMOUSTOKEN2086,1,2019
224,2019-05-16,ANONYMOUSTOKEN2248,1,2019
225,2021-01-11,ANONYMOUSTOKEN3321,1,2021
226,2019-04-27,13568139,1,2019
227,2022-01-23,60073438,1,2022
228,2020-09-17,akinot10,1,2020
229,2019-08-16,49031140,1,2019
230,2019-05-30,91668051,1,2019
231,2019-07-22,h80v2o10,1,2019
232,2019-04-14,n8aag910,1,2019
233,2021-09-25,78716264,0,2021
234,2020-07-22,44509304,1,2020
235,2021-09-23,35945703,1,2021
236,2019-06-02,54770212,1,2019
237,2019-05-06,90550589,1,2019
238,2020-10-07,47921525,1,2020
239,2020-01-12,ANONYMOUSTOKEN2776,1,2020
240,2020-10-13,ANONYMOUSTOKEN3116,1,2020
241,2020-01-02,ANONYMOUSTOKEN2655,1,2020
242,2019-04-28,21899181,1,2019
243,2019-04-02,ANONYMOUSTOKEN863,1,2019
244,2019-04-28,72713060,0,2019
245,2022-03-14,uuht2f10,0,2022
246,2020-07-10,ANONYMOUSTOKEN2920,1,2020
247,2019-05-09,ANONYMOUSTOKEN2040,1,2019
248,2019-05-20,ANONYMOUSTOKEN2391,1,2019
249,2019-05-14,41031259,1,2019
250,2021-08-03,80231627,0,2021
251,2020-02-19,65717773,1,2020
252,2019-04-27,ANONYMOUSTOKEN1261,1,2019
253,2019-05-03,iq6nw010,1,2019
254,2019-05-04,62470022,1,2019
255,2019-04-27,57120553,1,2019
256,2019-04-30,78747533,1,2019
257,2021-09-24,54743459,1,2021
258,2022-11-24,17666440,0,2022
259,2019-04-27,ANONYMOUSTOKEN1332,1,2019
260,2021-09-22,TESTGFINBOSONY25T,1,2021
261,2021-09-27,ANONYMOUSTOKEN4179,1,2021
262,2020-09-22,55163755,1,2020
263,2019-04-10,nhnus710,0,2019
264,2019-04-24,54211765,1,2019
265,2019-06-11,ANONYMOUSTOKEN2486,1,2019
266,2022-05-27,ANONYMOUSTOKEN4599,0,2022
267,2019-04-30,54061204,1,2019
268,2019-08-29,ANONYMOUSTOKEN2587,1,2019
269,2021-09-24,ANONYMOUSTOKEN4096,1,2021
270,2020-11-14,60227197,1,2020
271,2020-02-07,ANONYMOUSTOKEN2708,1,2020
272,2022-08-21,ANONYMOUSTOKEN4719,0,2022
273,2020-09-21,ANONYMOUSTOKEN3359,1,2020
274,2019-05-06,ANONYMOUSTOKEN2085,1,2019
275,2019-04-24,lzp1q310,1,2019
276,2021-10-01,70624415,1,2021
277,2022-09-25,92957585,0,2022
278,2019-05-02,08646795,1,2019
279,2020-07-10,ANONYMOUSTOKEN2878,1,2020
280,2019-04-23,ANONYMOUSTOKEN884,1,2019
281,2020-07-16,39313047,1,2020
282,2020-10-11,fr8ecc10,1,2020
283,2020-09-19,47354863,1,2020
284,2019-04-29,99408250,1,2019
285,2022-06-11,48829126,1,2022
286,2019-04-28,ANONYMOUSTOKEN1734,1,2019
287,2020-01-15,86545157,1,2020
288,2020-10-10,ANONYMOUSTOKEN1644,1,2020
289,2020-07-28,47986129,1,2020
290,2019-04-29,48140595,0,2019
291,2020-08-17,96461272,1,2020
292,2019-05-18,58658778,1,2019
293,2020-10-19,ANONYMOUSTOKEN3542,1,2020
294,2021-09-25,48886001,1,2021
295,2019-05-17,ANONYMOUSTOKEN2294,1,2019
296,2019-05-28,27753397,1,2019
297,2020-01-15,99189874,1,2020
298,2020-07-13,ANONYMOUSTOKEN2971,1,2020
299,2019-04-26,ANONYMOUSTOKEN1151,1,2019
300,2020-08-18,51991849,1,2020
301,2019-05-06,43661346,1,2019
302,2019-05-20,ANONYMOUSTOKEN1943,1,2019
303,2019-04-29,51781308,1,2019
304,2019-05-19,19328232,1,2019
305,2020-03-17,ANONYMOUSTOKEN2800,1,2020
306,2019-04-28,16806210,1,2019
307,2020-06-15,ANONYMOUSTOKEN2006,1,2020
308,2020-09-30,64610512,1,2020
309,2020-10-19,ANONYMOUSTOKEN3546,1,2020
310,2020-10-20,51135634,0,2020
311,2020-07-17,08742503,1,2020
312,2019-04-30,25382166,1,2019
313,2019-08-25,ANONYMOUSTOKEN1701,1,2019
314,2019-09-07,lxkm9210,1,2019
315,2019-06-17,ANONYMOUSTOKEN2458,1,2019
316,2019-04-26,43106649,1,2019
317,2020-07-17,25399713,1,2020
318,2019-05-26,x0vwnk10,1,2019
319,2020-12-03,97274488,1,2020
320,2019-05-26,84173519,0,2019
321,2019-04-27,45638742         ,1,2019
322,2019-04-29,50606246,1,2019
323,2021-03-26,99953416,1,2021
324,2019-05-16,25317808,1,2019
325,2019-04-30,ANONYMOUSTOKEN1847,1,2019
326,2019-05-06,26648682,1,2019
327,2019-05-16,24649628,1,2019
328,2020-07-12,ANONYMOUSTOKEN2952,1,2020
329,2019-05-04,20433806,1,2019
330,2021-10-10,ANONYMOUSTOKEN4265,0,2021
331,2019-04-29,54239230,1,2019
332,2019-05-04,62666417,1,2019
333,2020-01-04,ANONYMOUSTOKEN2650,1,2020
334,2022-08-22,ANONYMOUSTOKEN4734,0,2022
335,2022-09-13,ANONYMOUSTOKEN4787,0,2022
336,2020-01-11,mezy2d10,1,2020
337,2019-04-29,ANONYMOUSTOKEN1780,1,2019
338,2022-11-29,17481971,0,2022
339,2019-04-26,55233255,1,2019
340,2019-07-31,mymtua10,1,2019
341,2019-06-24,hsm4i910,1,2019
342,2022-05-06,ANONYMOUSTOKEN4563,1,2022
343,2019-05-17,41552778,1,2019
344,2021-09-26,48957537,0,2021
345,2022-10-25,52289188,0,2022
346,2019-05-02,ANONYMOUSTOKEN862,1,2019
347,2022-10-29,59434319,0,2022
348,2020-07-10,ANONYMOUSTOKEN2824,1,2020
349,2019-04-27,46601607,1,2019
350,2019-07-17,98164319,0,2019
351,2020-09-18,ANONYMOUSTOKEN3233,1,2020
352,2019-05-17,20007780,1,2019
353,2019-01-01,,1,2019
354,2019-05-20,94904564,1,2019
355,2019-05-04,82475120,1,2019
356,2021-09-29,94517841,1,2021
357,2021-09-04,TESTGFINBO1,1,2021
358,2022-06-17,49796735,0,2022
359,2020-07-10,ANONYMOUSTOKEN2889,1,2020
360,2019-04-29,ANONYMOUSTOKEN1814,1,2019
361,2020-09-21,ANONYMOUSTOKEN3342,1,2020
362,2020-09-22,90393563,1,2020
363,2021-08-10,ANONYMOUSTOKEN3684,1,2021
364,2019-04-29,71093578,1,2019
365,2019-04-29,ruco5q10,1,2019
366,2020-09-18,ANONYMOUSTOKEN2766,1,2020
367,2020-07-18,ANONYMOUSTOKEN2929,1,2020
368,2020-10-08,41157143,1,2020
369,2022-05-28,60985027,1,2022
370,2021-11-02,62339863,1,2021
371,2022-06-15,j31a5210,0,2022
372,2019-04-27,62638519,1,2019
373,2020-09-20,37963034,1,2020
374,2021-09-24,48675327,1,2021
375,2022-08-20,05628448,0,2022
376,2019-05-01,15069161,1,2019
377,2020-07-15,48054346,1,2020
378,2021-10-02,62613272,0,2021
379,2019-05-01,50972719,1,2019
380,2019-05-07,ANONYMOUSTOKEN2141,1,2019
381,2019-05-22,27128655,1,2019
382,2022-10-03,ANONYMOUSTOKEN4864,0,2022
383,2019-04-29,66884651,1,2019
384,2020-09-18,ANONYMOUSTOKEN3257,1,2020
385,2021-10-01,36537672,1,2021
386,2019-04-30,24726429,1,2019
387,2022-10-08,ANONYMOUSTOKEN4896,0,2022
388,2019-04-27,ANONYMOUSTOKEN1039,1,2019
389,2019-04-29,00662035,1,2019
390,2019-04-29,44743283,1,2019
391,2020-10-12,69449256,1,2020
392,2019-04-27,91361072,0,2019
393,2020-07-17,68207980,1,2020
394,2019-04-30,zzy01d10,0,2019
395,2020-10-10,23022933,1,2020
396,2021-08-06,naopu010,1,2021
397,2022-10-21,ANONYMOUSTOKEN5087,0,2022
398,2019-04-29,66668847,0,2019
399,2019-05-17,41895199,1,2019
400,2019-05-17,94873005,1,2019
401,2019-05-09,50372514,1,2019
402,2020-09-21,ANONYMOUSTOKEN3398,1,2020
403,2021-09-24,ANONYMOUSTOKEN3965,1,2021
404,2022-09-26,94664812,0,2022
405,2020-07-10,ANONYMOUSTOKEN2855,1,2020
406,2020-01-19,ANONYMOUSTOKEN2778,1,2020
407,2022-10-21,38437210,0,2022
408,2022-10-23,ANONYMOUSTOKEN5125,0,2022
409,2019-08-29,61867140,1,2019
410,2019-04-25,gur8zr10,1,2019
411,2020-03-16,ANONYMOUSTOKEN2332,1,2020
412,2021-03-07,ANONYMOUSTOKEN3629,1,2021
413,2020-07-08,ANONYMOUSTOKEN2831,1,2020
414,2022-03-13,57977935,1,2022
415,2021-09-25,ANONYMOUSTOKEN4112,1,2021
416,2020-01-12,03790542,1,2020
417,2022-11-16,74530162,0,2022
418,2019-05-03,20707081,1,2019
419,2021-10-26,18468839,1,2021
420,2019-04-27,21923615,0,2019
421,2021-03-23,47557462,1,2021
422,2019-05-05,54222228,1,2019
423,2019-04-30,ANONYMOUSTOKEN1693,1,2019
424,2021-09-29,90126046,1,2021
425,2019-05-01,43647599,1,2019
426,2019-04-30,50237669,1,2019
427,2021-09-29,63187695,1,2021
428,2020-01-13,95549203,1,2020
429,2021-09-30,25802212,1,2021
430,2020-12-26,ANONYMOUSTOKEN3576,1,2020
431,2019-04-27,40001332,1,2019
432,2019-05-10,52850519,1,2019
433,2020-01-10,g0np5110,1,2020
434,2022-11-17,ANONYMOUSTOKEN4801,0,2022
435,2020-09-18,69819268,1,2020
436,2021-09-24,71121257,1,2021
437,2021-09-30,37748628,1,2021
438,2022-10-14,ANONYMOUSTOKEN4970,0,2022
439,2019-04-27,30519235,1,2019
440,2019-04-29,96464464,1,2019
441,2019-04-26,ANONYMOUSTOKEN1060,1,2019
442,2021-11-05,29246326,0,2021
443,2020-07-20,85277319,1,2020
444,2020-07-15,08986671,1,2020
445,2020-10-12,ANONYMOUSTOKEN3518,1,2020
446,2019-09-07,ANONYMOUSTOKEN950,1,2019
447,2019-06-24,ANONYMOUSTOKEN2477,1,2019
448,2020-09-18,50405212,1,2020
449,2021-09-23,ANONYMOUSTOKEN3856,1,2021
450,2020-01-01,ANONYMOUSTOKEN2252,1,2020
451,2022-09-24,27874647,0,2022
452,2021-09-24,ANONYMOUSTOKEN4050,1,2021
453,2020-01-10,ANONYMOUSTOKEN2652,1,2020
454,2019-04-23,75553080,0,2019
455,2019-05-05,ANONYMOUSTOKEN2102,1,2019
456,2021-06-09,55330622,1,2021
457,2021-09-30,60724030,1,2021
458,2020-07-12,ANONYMOUSTOKEN2951,1,2020
459,2019-05-19,ANONYMOUSTOKEN2394,1,2019
460,2019-05-17,30266144,1,2019
461,2022-09-01,ANONYMOUSTOKEN4780,0,2022
462,2021-09-25,69039438,1,2021
463,2021-09-24,38817022,0,2021
464,2021-02-11,ANONYMOUSTOKEN3256,1,2021
465,2019-05-23,a6sfk110,1,2019
466,2022-10-15,36183748,0,2022
467,2020-07-16,40293281,1,2020
468,2019-04-27,88947528,1,2019
469,2019-05-17,98211668,1,2019
470,2022-09-24,ANONYMOUSTOKEN4795,0,2022
471,2021-10-11,96834456,0,2021
472,2019-04-23,ANONYMOUSTOKEN872,1,2019
473,2022-10-20,74438429,0,2022
474,2019-05-02,89264994,1,2019
475,2019-05-18,ANONYMOUSTOKEN2375,1,2019
476,2020-09-18,65620242,1,2020
477,2021-09-24,87894053,1,2021
478,2019-04-16,h3x5ha10,1,2019
479,2020-07-17,11802691,1,2020
480,2020-01-05,47809551,1,2020
481,2019-06-24,wqup9j10,1,2019
482,2022-11-04,60486608,0,2022
483,2019-05-06,57893236,1,2019
484,2019-05-01,54192679,1,2019
485,2019-04-28,61222637,1,2019
486,2020-01-10,77059539,1,2020
487,2019-05-21,91361354,1,2019
488,2022-08-21,ANONYMOUSTOKEN4739,0,2022
489,2020-09-20,87502602,0,2020
490,2019-05-11,87160137,1,2019
491,2020-09-19,91958176,1,2020
492,2019-05-31,95637628,1,2019
493,2020-09-18,ANONYMOUSTOKEN3237,1,2020
494,2021-09-24,ANONYMOUSTOKEN3948,1,2021
495,2021-09-25,ANONYMOUSTOKEN3820,1,2021
496,2022-10-21,73847197,0,2022
497,2021-09-30,45751297,1,2021
498,2021-10-11,94834413,0,2021
499,2019-04-26,76933532,1,2019
500,2019-04-27,77775073,1,2019
501,2021-10-09,ANONYMOUSTOKEN4440,1,2021
502,2022-07-23,ANONYMOUSTOKEN4239,0,2022
503,2022-05-25,31489134,0,2022
504,2020-07-21,ANONYMOUSTOKEN2891,1,2020
505,2020-01-10,hinjcr10,1,2020
506,2020-07-13,ANONYMOUSTOKEN2877,1,2020
507,2020-01-19,ANONYMOUSTOKEN1949,1,2020
508,2020-07-10,ANONYMOUSTOKEN2886,1,2020
509,2020-07-10,ANONYMOUSTOKEN2900,1,2020
510,2021-09-20,ANONYMOUSTOKEN3726,0,2021
511,2022-06-18,ANONYMOUSTOKEN4671,0,2022
512,2019-08-29,ANONYMOUSTOKEN2564,1,2019
513,2019-06-26,akf37z10,0,2019
514,2019-04-29,04735981,1,2019
515,2020-01-20,ANONYMOUSTOKEN2709,1,2020
516,2019-05-04,89287136,1,2019
517,2022-11-14,74578990,0,2022
518,2019-05-19,29674550,1,2019
519,2019-04-24,21022432,1,2019
520,2019-05-18,33948779,1,2019
521,2020-07-09,ANONYMOUSTOKEN2868,1,2020
522,2019-05-17,26140216,1,2019
523,2019-06-08,64647798,1,2019
524,2019-05-10,ANONYMOUSTOKEN972,1,2019
525,2022-11-14,ANONYMOUSTOKEN5267,0,2022
526,2020-09-18,86756834,1,2020
527,2020-10-09,19531456,1,2020
528,2020-10-06,97571429,1,2020
529,2019-04-27,96179460,0,2019
530,2020-11-10,ANONYMOUSTOKEN3558,0,2020
531,2019-04-24,c0e6ej10,1,2019
532,2019-05-01,33115617,1,2019
533,2019-07-19,71461793,1,2019
534,2020-08-29,76555592,1,2020
535,2019-04-29,93871140,1,2019
536,2021-09-12,TESTGFINBOTAB22b,1,2021
537,2021-10-23,74660278,1,2021
538,2022-10-20,ANONYMOUSTOKEN5071,0,2022
539,2020-07-16,01998953,1,2020
540,2020-06-04,ANONYMOUSTOKEN2819,1,2020
541,2019-07-13,or6jwz10,1,2019
542,2019-06-15,99993571,1,2019
543,2020-07-24,75397909,1,2020
544,2019-04-29,31608071,1,2019
545,2019-04-26,ANONYMOUSTOKEN1091,1,2019
546,2022-11-04,ANONYMOUSTOKEN5226,0,2022
547,2021-09-28,12821299,1,2021
548,2021-09-29,29276709,1,2021
549,2019-04-28,79942155,1,2019
550,2022-05-23,ANONYMOUSTOKEN4595,1,2022
551,2021-10-05,35125555,1,2021
552,2022-10-22,31862057,0,2022
553,2022-10-23,ANONYMOUSTOKEN5008,0,2022
554,2019-04-27,78786142,0,2019
555,2020-09-19,15487974,1,2020
556,2019-04-24,ANONYMOUSTOKEN911,1,2019
557,2019-05-07,ANONYMOUSTOKEN2120,1,2019
558,2019-05-16,ANONYMOUSTOKEN2257,1,2019
559,2019-05-01,30760532,1,2019
560,2020-09-19,ANONYMOUSTOKEN3251,1,2020
561,2021-10-06,ANONYMOUSTOKEN4412,1,2021
562,2020-07-11,ANONYMOUSTOKEN2933,1,2020
563,2019-04-28,ANONYMOUSTOKEN1747,1,2019
564,2022-10-23,97800047,0,2022
565,2019-04-29,74641145,1,2019
566,2022-10-08,70042444,0,2022
567,2019-05-23,cctyq410,1,2019
568,2020-01-21,16491348,1,2020
569,2019-05-17,51281595,1,2019
570,2020-09-21,04457701,1,2020
571,2019-04-28,dha2gs10,1,2019
572,2021-11-04,ANONYMOUSTOKEN4497,1,2021
573,2019-04-26,07875018,1,2019
574,2020-07-11,ANONYMOUSTOKEN2902,1,2020
575,2019-04-28,ANONYMOUSTOKEN864,1,2019
576,2022-04-10,ANONYMOUSTOKEN4556,1,2022
577,2021-09-28,35852466,1,2021
578,2020-09-18,47637094,1,2020
579,2019-04-26,00412702,1,2019
580,2021-10-10,36853806,1,2021
581,2019-05-09,55485056,1,2019
582,2020-09-21,44527902,1,2020
583,2019-08-30,22015854,1,2019
584,2019-05-04,31777425,1,2019
585,2020-01-24,ANONYMOUSTOKEN1163,1,2020
586,2022-11-05,91190351,0,2022
587,2021-10-05,98738668,1,2021
588,2022-10-20,18853486,0,2022
589,2022-09-30,42167132,0,2022
590,2019-04-29,04940311,1,2019
591,2019-08-13,ANONYMOUSTOKEN1372,1,2019
592,2019-04-28,43242517,1,2019
593,2019-08-25,ANONYMOUSTOKEN2557,1,2019
594,2019-04-30,15788970,1,2019
595,2019-04-25,17039430,1,2019
596,2022-11-04,90659718,0,2022
597,2019-05-17,ANONYMOUSTOKEN1132,1,2019
598,2021-09-29,08202536,1,2021
599,2020-09-18,87183468,1,2020
600,2020-09-17,55430053,1,2020
601,2019-08-18,ANONYMOUSTOKEN2554,1,2019
602,2019-06-05,jehmzf10,1,2019
603,2019-04-26,07724897 ,1,2019
604,2020-09-19,ANONYMOUSTOKEN3329,1,2020
605,2020-01-14,15587704,1,2020
606,2020-01-09,27510287,1,2020
607,2022-11-14,77342770,0,2022
608,2021-09-23,14854579,0,2021
609,2019-05-07,09404634,1,2019
610,2020-01-13,82901035,1,2020
611,2021-10-10,ANONYMOUSTOKEN3939,1,2021
612,2019-04-28,ANONYMOUSTOKEN1455,1,2019
613,2019-05-20,ANONYMOUSTOKEN2384,1,2019
614,2021-09-29,ANONYMOUSTOKEN4365,1,2021
615,2021-09-30,30817176,1,2021
616,2019-04-29,68357204,1,2019
617,2019-04-28,85271313,1,2019
618,2022-10-14,66316373,0,2022
619,2019-04-30,36123577,1,2019
620,2020-09-23,77309793,1,2020
621,2019-05-15,ANONYMOUSTOKEN2232,1,2019
622,2019-08-30,TESTGFIGP0,1,2019
623,2019-05-03,91258007,1,2019
624,2019-04-28,ANONYMOUSTOKEN1544,1,2019
625,2021-09-24,08944336,1,2021
626,2021-09-27,64033082,1,2021
627,2022-11-04,ANONYMOUSTOKEN5223,0,2022
628,2019-05-21,79315759,1,2019
629,2021-03-02,07059477,1,2021
630,2019-04-27,02603361,1,2019
631,2019-04-24,p0sjpx10,1,2019
632,2019-05-13,zmaisz10,1,2019
633,2021-09-24,78941586,1,2021
634,2022-11-08,20473617,0,2022
635,2019-04-25,ANONYMOUSTOKEN949,1,2019
636,2019-06-24,ANONYMOUSTOKEN2514,1,2019
637,2019-04-27,40437364,1,2019
638,2021-09-24,86398699,1,2021
639,2020-10-10,15751672,1,2020
640,2020-09-21,34230016,1,2020
641,2021-10-08,ANONYMOUSTOKEN4466,1,2021
642,2019-05-20,16238412,1,2019
643,2021-09-30,31393843,1,2021
644,2020-07-07,ANONYMOUSTOKEN2838,1,2020
645,2022-10-16,08760368,0,2022
646,2020-07-17,97371217,1,2020
647,2019-05-17,ANONYMOUSTOKEN2317,1,2019
648,2019-08-23,ANONYMOUSTOKEN990,1,2019
649,2020-09-19,ANONYMOUSTOKEN3222,1,2020
650,2022-10-02,ANONYMOUSTOKEN4852,0,2022
651,2019-05-17,ANONYMOUSTOKEN2121,1,2019
652,2020-07-10,ANONYMOUSTOKEN2934,1,2020
653,2020-01-02,ANONYMOUSTOKEN2727,1,2020
654,2019-05-17,45995326,1,2019
655,2021-09-24,ANONYMOUSTOKEN3298,0,2021
656,2019-05-01,13511267,1,2019
657,2019-05-02,ANONYMOUSTOKEN1992,1,2019
658,2019-05-17,34990364,1,2019
659,2021-10-20,ANONYMOUSTOKEN4485,1,2021
660,2022-01-30,ANONYMOUSTOKEN4089,1,2022
661,2020-08-20,62641396,1,2020
662,2020-09-29,42676866,1,2020
663,2019-05-08,66807434,1,2019
664,2021-09-24,ANONYMOUSTOKEN4072,1,2021
665,2020-09-28,ANONYMOUSTOKEN3458,1,2020
666,2019-05-20,41436564,1,2019
667,2019-05-02,63683383,1,2019
668,2019-06-24,30818615,1,2019
669,2019-04-27,23693009,1,2019
670,2020-09-27,ANONYMOUSTOKEN2825,1,2020
671,2020-01-10,ANONYMOUSTOKEN2747,1,2020
672,2020-01-13,ANONYMOUSTOKEN2780,1,2020
673,2019-05-05,71986193,1,2019
674,2021-03-26,84328843,0,2021
675,2019-05-01,20951583,1,2019
676,2021-09-28,ANONYMOUSTOKEN4257,1,2021
677,2020-09-24,78264339,1,2020
678,2022-02-22,ANONYMOUSTOKEN4541,1,2022
679,2019-05-27,21008499,1,2019
680,2022-10-24,ANONYMOUSTOKEN5043,0,2022
681,2019-05-20,dhxk3u10,0,2019
682,2021-09-23,76988545,1,2021
683,2021-09-30,ANONYMOUSTOKEN4369,0,2021
684,2021-11-06,ANONYMOUSTOKEN4496,1,2021
685,2022-10-14,ANONYMOUSTOKEN4964,0,2022
686,2022-10-09,ANONYMOUSTOKEN4909,0,2022
687,2019-04-27,ANONYMOUSTOKEN1378,1,2019
688,2022-10-10,ANONYMOUSTOKEN4915,0,2022
689,2021-11-08,ANONYMOUSTOKEN4028,1,2021
690,2019-04-20,ytr2oi10,1,2019
691,2020-01-01,72728151,1,2020
692,2019-04-19,s10x6410,1,2019
693,2019-04-27,61081952,1,2019
694,2022-10-12,ANONYMOUSTOKEN4933,0,2022
695,2020-07-11,ANONYMOUSTOKEN2949,1,2020
696,2019-04-27,01304498,1,2019
697,2019-03-28,TESTGFIAM3,1,2019
698,2022-09-14,21221623,0,2022
699,2022-11-07,ANONYMOUSTOKEN5246,0,2022
700,2021-10-06,93703162,0,2021
701,2021-09-25,08967930,0,2021
702,2019-05-06,57381478,0,2019
703,2019-05-20,91516349,1,2019
704,2019-05-15,hd3fii10,0,2019
705,2022-05-31,35748433,1,2022
706,2019-04-27,ANONYMOUSTOKEN1386,1,2019
707,2019-05-27,09717798,1,2019
708,2020-09-30,89532233,1,2020
709,2021-03-08,19595573,1,2021
710,2021-09-24,41979823,1,2021
711,2020-09-18,ANONYMOUSTOKEN3258,1,2020
712,2019-05-31,20237174,1,2019
713,2019-04-30,12559795,1,2019
714,2019-04-15,nw1p6v10,1,2019
715,2019-05-01,66966053,1,2019
716,2019-05-02,ANONYMOUSTOKEN1984,1,2019
717,2019-05-18,77431241,1,2019
718,2022-10-20,37085298,0,2022
719,2019-05-04,58730797,1,2019
720,2020-07-10,ANONYMOUSTOKEN2894,1,2020
721,2022-10-07,53424030,0,2022
722,2019-04-30,59756519,1,2019
723,2022-08-24,53126460,0,2022
724,2019-05-14,oj505n10,1,2019
725,2021-10-02,52564850,1,2021
726,2019-04-28,60844779,1,2019
727,2020-10-12,65397904,1,2020
728,2019-05-17,ANONYMOUSTOKEN2286,1,2019
729,2022-10-21,ANONYMOUSTOKEN5096,0,2022
730,2019-04-27,ANONYMOUSTOKEN1251,1,2019
731,2022-11-04,ANONYMOUSTOKEN5230,0,2022
732,2021-10-20,03220354,0,2021
733,2019-05-07,ANONYMOUSTOKEN2140,1,2019
734,2019-04-24,ANONYMOUSTOKEN879,1,2019
735,2022-10-08,19093085,0,2022
736,2019-05-15,02050115,1,2019
737,2019-06-06,ANONYMOUSTOKEN873,1,2019
738,2019-05-10,93144940,1,2019
739,2019-05-01,51526970,1,2019
740,2021-10-06,ANONYMOUSTOKEN3668,1,2021
741,2019-04-26,03992289,0,2019
742,2020-09-21,74728137,1,2020
743,2022-10-21,67873808,0,2022
744,2020-07-10,ANONYMOUSTOKEN2890,1,2020
745,2022-11-18,88746629,0,2022
746,2019-05-16,13564499,0,2019
747,2019-05-24,75402372,0,2019
748,2019-04-28,90621084,1,2019
749,2019-05-02,42604746,1,2019
750,2019-07-02,36259791,1,2019
751,2021-09-27,08664716,1,2021
752,2021-06-29,ANONYMOUSTOKEN3687,1,2021
753,2020-07-09,ANONYMOUSTOKEN2850,1,2020
754,2020-10-11,blxa4t10,1,2020
755,2019-05-21,16459865,1,2019
756,2020-07-18,37449675,1,2020
757,2022-08-24,45366193,0,2022
758,2019-04-26,ANONYMOUSTOKEN1028,1,2019
759,2019-04-30,71533785,1,2019
760,2019-05-08,79464958,1,2019
761,2019-05-05,68519157,1,2019
762,2019-04-24,emhuqn10,1,2019
763,2019-04-17,ANONYMOUSTOKEN867,1,2019
764,2022-11-15,60046875,0,2022
765,2019-06-16,ANONYMOUSTOKEN2472,1,2019
766,2022-05-14,ANONYMOUSTOKEN4539,1,2022
767,2019-04-27,17522743,1,2019
768,2019-04-28,73205587,1,2019
769,2019-05-18,07570129,1,2019
770,2019-05-04,34946530,1,2019
771,2020-01-01,ANONYMOUSTOKEN2714,1,2020
772,2019-05-14,ANONYMOUSTOKEN1300,1,2019
773,2021-09-24,84685677,1,2021
774,2022-09-26,01273097,0,2022
775,2019-04-28,71369077,1,2019
776,2022-08-22,ANONYMOUSTOKEN4748,0,2022
777,2022-09-29,ANONYMOUSTOKEN4836,0,2022
778,2021-10-01,lik1vh10,1,2021
779,2021-01-12,v8nsei10,1,2021
780,2019-05-17,40020695,1,2019
781,2019-04-24,hao5wr10,1,2019
782,2020-10-12,k5pji110,1,2020
783,2019-04-28,86223555,1,2019
784,2022-10-11,33730950,0,2022
785,2019-06-06,80709519,1,2019
786,2019-04-26,09986119,1,2019
787,2022-08-21,06550182,0,2022
788,2020-02-03,dad79q10,1,2020
789,2019-05-04,ANONYMOUSTOKEN2096,1,2019
790,2019-04-27,ANONYMOUSTOKEN1409,1,2019
791,2019-05-17,28691741,1,2019
792,2019-04-24,ypzqh310,1,2019
793,2021-09-24,75344846,1,2021
794,2019-05-07,ANONYMOUSTOKEN2117,1,2019
795,2019-04-29,01017603,1,2019
796,2022-10-15,91730046,0,2022
797,2020-07-17,18093556,0,2020
798,2021-09-24,57888213,1,2021
799,2021-09-27,37754613,1,2021
800,2022-11-15,60630585,0,2022
801,2019-05-04,28488630,0,2019
802,2019-05-28,ANONYMOUSTOKEN2405,1,2019
803,2021-09-27,ANONYMOUSTOKEN4220,1,2021
804,2022-09-13,00794544,0,2022
805,2020-08-12,90049261,1,2020
806,2020-10-15,61785792,1,2020
807,2019-08-06,81301086,1,2019
808,2022-10-31,ANONYMOUSTOKEN5192,0,2022
809,2022-01-20,ANONYMOUSTOKEN4537,1,2022
810,2019-04-27,06452329,1,2019
811,2019-05-06,45357328,1,2019
812,2019-04-26,58703064,1,2019
813,2020-07-11,ANONYMOUSTOKEN2954,1,2020
814,2020-07-15,01953061,1,2020
815,2020-09-19,ANONYMOUSTOKEN3236,1,2020
816,2019-05-06,ANONYMOUSTOKEN2126,1,2019
817,2022-05-23,95780643,1,2022
818,2021-09-29,60298128,1,2021
819,2022-10-22,ANONYMOUSTOKEN5083,0,2022
820,2020-09-30,ANONYMOUSTOKEN3179,1,2020
821,2019-04-11,sxjeop10,0,2019
822,2019-05-07,79729005,1,2019
823,2022-10-13,ANONYMOUSTOKEN4940,0,2022
824,2019-04-29,51576332,1,2019
825,2019-05-09,13282082,1,2019
826,2019-05-04,90890415,1,2019
827,2022-10-07,ANONYMOUSTOKEN4894,0,2022
828,2019-05-11,44931596,1,2019
829,2022-02-24,ANONYMOUSTOKEN4542,0,2022
830,2020-10-09,ANONYMOUSTOKEN3481,1,2020
831,2021-09-11,43720893,1,2021
832,2020-09-22,90079864,1,2020
833,2021-10-10,56825710,1,2021
834,2020-09-19,74431674,1,2020
835,2022-10-14,ANONYMOUSTOKEN4607,0,2022
836,2019-04-29,78435038,1,2019
837,2019-04-29,89826292,1,2019
838,2022-11-22,50207445,0,2022
839,2021-09-24,ANONYMOUSTOKEN4114,1,2021
840,2020-09-18,ANONYMOUSTOKEN3232,0,2020
841,2021-09-29,81646564,1,2021
842,2019-06-10,00836285,1,2019
843,2021-09-10,ANONYMOUSTOKEN3777,1,2021
844,2019-05-06,13020366,1,2019
845,2020-09-30,87614411,1,2020
846,2020-01-13,ANONYMOUSTOKEN2779,1,2020
847,2020-07-15,77523095,1,2020
848,2019-05-06,09785580,1,2019
849,2021-10-30,30967096,1,2021
850,2020-09-21,69579349,1,2020
851,2019-04-26,11652130,1,2019
852,2022-08-22,48065459,0,2022
853,2021-09-27,ANONYMOUSTOKEN4229,1,2021
854,2019-08-13,kky4c610,1,2019
855,2020-06-22,ANONYMOUSTOKEN2823,1,2020
856,2019-05-09,53959938,1,2019
857,2019-04-24,b0itsn10,1,2019
858,2019-04-29,15570230,1,2019
859,2019-08-25,ANONYMOUSTOKEN2558,1,2019
860,2019-05-02,18278092,1,2019
861,2019-04-25,xjxekp10,1,2019
862,2020-07-20,77967061,1,2020
863,2022-11-16,46713841,0,2022
864,2022-10-21,ANONYMOUSTOKEN5097,0,2022
865,2021-10-23,ANONYMOUSTOKEN4123,1,2021
866,2019-04-29,30736535,1,2019
867,2019-04-26,zp5r0810,0,2019
868,2022-10-15,07562418 ,0,2022
869,2020-08-01,47793175,1,2020
870,2021-03-08,ANONYMOUSTOKEN3627,1,2021
871,2021-09-24,ANONYMOUSTOKEN4059,1,2021
872,2019-05-02,45278676,0,2019
873,2021-09-24,64365984,1,2021
874,2019-04-27,68739080,1,2019
875,2019-05-10,62179251,1,2019
876,2019-07-03,e7jmbo10,1,2019
877,2021-10-27,15545308,1,2021
878,2020-08-02,04143353,1,2020
879,2019-05-01,52051757,1,2019
880,2019-05-12,uw2mp610,0,2019
881,2019-05-02,83904211,1,2019
882,2019-04-29,ANONYMOUSTOKEN1613,1,2019
883,2020-09-22,87226500,1,2020
884,2019-04-27,90141823,1,2019
885,2020-07-10,ANONYMOUSTOKEN2852,1,2020
886,2020-09-17,06643123,1,2020
887,2019-07-09,ANONYMOUSTOKEN2490,1,2019
888,2020-08-12,ANONYMOUSTOKEN3077,1,2020
889,2020-07-10,ANONYMOUSTOKEN2915,1,2020
890,2022-10-04,33876984,0,2022
891,2020-01-07,ANONYMOUSTOKEN2633,1,2020
892,2019-05-03,33912318,1,2019
893,2019-05-21,60696628,1,2019
894,2019-05-13,ANONYMOUSTOKEN2201,1,2019
895,2019-09-05,73866786,1,2019
896,2020-01-12,ANONYMOUSTOKEN2643,1,2020
897,2019-04-27,58642278,1,2019
898,2019-05-02,vsh38j10,1,2019
899,2019-04-26,qfytyb10,1,2019
900,2019-04-23,ANONYMOUSTOKEN874,1,2019
901,2020-01-01,ANONYMOUSTOKEN2634,1,2020
902,2019-05-01,66186740,1,2019
903,2022-05-22,ANONYMOUSTOKEN4578,1,2022
904,2019-04-24,k8ltjg10,1,2019
905,2022-09-24,ANONYMOUSTOKEN4796,0,2022
906,2022-09-30,31644941,0,2022
907,2019-04-30,v4dzqg10,1,2019
908,2021-05-13,ANONYMOUSTOKEN3616,0,2021
909,2019-05-15,16222592,1,2019
910,2022-05-18,ANONYMOUSTOKEN4571,1,2022
911,2022-11-02,ANONYMOUSTOKEN5208,0,2022
912,2021-09-27,28344222,1,2021
913,2019-05-03,34006107,1,2019
914,2019-06-12,x4mzi710,1,2019
915,2019-05-11,ANONYMOUSTOKEN2186,1,2019
916,2021-09-19,ANONYMOUSTOKEN3782,0,2021
917,2022-04-22,49001500,0,2022
918,2022-10-15,60579722,0,2022
919,2019-05-01,99215731,1,2019
920,2019-04-29,ANONYMOUSTOKEN1363,1,2019
921,2021-12-23,61108864,1,2021
922,2019-06-24,ANONYMOUSTOKEN2499,1,2019
923,2019-04-30,26958772,1,2019
924,2020-10-09,ANONYMOUSTOKEN3484,1,2020
925,2021-09-24,09932835,1,2021
926,2021-09-21,TESTGFINBOTAB25T,1,2021
927,2022-10-04,ANONYMOUSTOKEN4867,0,2022
928,2021-09-29,ANONYMOUSTOKEN4363,1,2021
929,2021-09-27,ANONYMOUSTOKEN4207,1,2021
930,2019-06-08,03715480,1,2019
931,2022-10-14,ANONYMOUSTOKEN4955,0,2022
932,2022-10-21,63646255,0,2022
933,2019-04-29,m0vi7z10,1,2019
934,2019-04-28,dsarrt10,1,2019
935,2019-05-14,51045871,1,2019
936,2020-07-11,ANONYMOUSTOKEN2939,1,2020
937,2020-01-10,ANONYMOUSTOKEN2759,0,2020
938,2019-04-30,hsd61610,1,2019
939,2019-05-09,12512592,1,2019
940,2021-09-27,20045394,1,2021
941,2020-09-18,91793566,1,2020
942,2021-10-17,ANONYMOUSTOKEN4404,1,2021
943,2019-04-27,ANONYMOUSTOKEN1155,1,2019
944,2019-05-08,93464206,1,2019
945,2019-05-18,18297311,1,2019
946,2020-09-26,ANONYMOUSTOKEN3447,1,2020
947,2019-04-29,ANONYMOUSTOKEN1863,1,2019
948,2021-09-25,04851323,1,2021
949,2019-05-17,18331542,1,2019
950,2022-10-24,66552531,0,2022
951,2020-09-19,58329927,1,2020
952,2021-09-27,37030503,1,2021
953,2021-09-29,14241840,1,2021
954,2022-10-15,ANONYMOUSTOKEN5003,0,2022
955,2019-05-21,ANONYMOUSTOKEN2426,1,2019
956,2021-04-04,ANONYMOUSTOKEN3641,1,2021
957,2021-10-02,05670353,1,2021
958,2019-05-07,ANONYMOUSTOKEN2144,1,2019
959,2019-08-13,ANONYMOUSTOKEN2406,1,2019
960,2021-09-10,ANONYMOUSTOKEN3771,1,2021
961,2022-10-15,ANONYMOUSTOKEN4890,0,2022
962,2021-09-29,91498992,1,2021
963,2019-04-29,ANONYMOUSTOKEN875,1,2019
964,2022-10-16,ANONYMOUSTOKEN5012,0,2022
965,2019-07-17,ANONYMOUSTOKEN2119,1,2019
966,2022-06-15,ANONYMOUSTOKEN4664,1,2022
967,2021-09-26,ANONYMOUSTOKEN4202,1,2021
968,2019-05-13,83409081,1,2019
969,2019-04-12,mmyfxp10,1,2019
970,2019-05-17,01704960,1,2019
971,2019-04-26,16363890,1,2019
972,2020-01-11,tm9aq810,1,2020
973,2019-04-30,26657032,1,2019
974,2019-06-22,ANONYMOUSTOKEN2502,1,2019
975,2021-09-28,89387561,0,2021
976,2020-09-20,96109194,1,2020
977,2019-05-10,42315007,0,2019
978,2019-05-17,30369421,1,2019
979,2019-05-05,50311004,1,2019
980,2020-09-18,86235180,1,2020
981,2022-10-26,ANONYMOUSTOKEN5170,0,2022
982,2021-09-15,TESTGFIJRO,1,2021
983,2021-09-29,TESTGFINBOTAB27,1,2021
984,2021-09-28,27754703,1,2021
985,2020-10-31,60238900,1,2020
986,2019-05-18,20843511,1,2019
987,2019-05-04,07037552,1,2019
988,2022-08-22,82859006,0,2022
989,2019-04-29,78440626,1,2019
990,2020-07-08,ANONYMOUSTOKEN2842,1,2020
991,2019-05-09,65553709,1,2019
992,2020-10-12,07248824,1,2020
993,2020-03-15,08407485,1,2020
994,2019-08-29,63879735,1,2019
995,2019-04-29,32602787,1,2019
996,2021-10-04,34965964,1,2021
997,2022-10-30,ANONYMOUSTOKEN4921,0,2022
998,2022-10-09,ANONYMOUSTOKEN4910,0,2022
999,2021-06-09,ANONYMOUSTOKEN3676,1,2021
1000,2021-10-06,90335726,1,2021
1001,2020-09-18,ANONYMOUSTOKEN3247,1,2020
1002,2019-12-31,66331319,1,2019
1003,2022-06-17,ANONYMOUSTOKEN4673,1,2022
1004,2021-11-26,26559000,1,2021
1005,2019-04-23,loi87v10,1,2019
1006,2019-04-24,l542uu10,1,2019
1007,2019-05-10,79922313,1,2019
1008,2020-07-14,ANONYMOUSTOKEN2964,1,2020
1009,2019-04-24,pzf2lm10,1,2019
1010,2019-05-05,31440617,1,2019
1011,2022-06-18,ANONYMOUSTOKEN4663,0,2022
1012,2021-09-27,16974200,1,2021
1013,2019-05-16,ANONYMOUSTOKEN2110,1,2019
1014,2019-04-24,ANONYMOUSTOKEN894,1,2019
1015,2020-10-19,ANONYMOUSTOKEN3537,1,2020
1016,2020-07-10,ANONYMOUSTOKEN2880,1,2020
1017,2022-10-27,81814544,0,2022
1018,2020-09-19,17172072,1,2020
1019,2021-09-24,68813321,1,2021
1020,2019-04-26,06551530,1,2019
1021,2019-05-17,09431928,1,2019
1022,2019-05-17,66102134,1,2019
1023,2021-09-28,40129495,1,2021
1024,2022-10-14,ANONYMOUSTOKEN4989,0,2022
1025,2022-11-06,ANONYMOUSTOKEN5243,0,2022
1026,2022-04-15,ANONYMOUSTOKEN4547,1,2022
1027,2020-09-20,81121578,1,2020
1028,2021-09-05,50777868,1,2021
1029,2021-09-27,56446138,1,2021
1030,2019-05-01,ANONYMOUSTOKEN1889,1,2019
1031,2020-02-09,ANONYMOUSTOKEN2715,1,2020
1032,2021-09-25,69734569,1,2021
1033,2022-10-21,ANONYMOUSTOKEN5105,0,2022
1034,2022-10-14,76197311,0,2022
1035,2022-10-23,ANONYMOUSTOKEN5061,0,2022
1036,2019-04-27,ANONYMOUSTOKEN1256,1,2019
1037,2022-10-24,82044778,0,2022
1038,2021-09-24,19246044,1,2021
1039,2019-04-27,85076551,1,2019
1040,2019-05-10,18675553,1,2019
1041,2020-10-11,ANONYMOUSTOKEN3513,1,2020
1042,2022-10-25,56722059,0,2022
1043,2021-11-04,ANONYMOUSTOKEN4473,1,2021
1044,2022-10-27,ANONYMOUSTOKEN5174,0,2022
1045,2021-09-30,45271760,1,2021
1046,2020-07-23,83891242,1,2020
1047,2019-04-24,s3o3s010,1,2019
1048,2019-04-26,06754305,1,2019
1049,2020-08-13,07544203,1,2020
1050,2019-05-18,ANONYMOUSTOKEN2274,1,2019
1051,2019-04-27,33186172,1,2019
1052,2020-07-10,ANONYMOUSTOKEN2897,1,2020
1053,2020-09-20,ANONYMOUSTOKEN3284,1,2020
1054,2019-08-29,ANONYMOUSTOKEN977,1,2019
1055,2019-04-27,ANONYMOUSTOKEN1174,1,2019
1056,2019-05-01,41846106,1,2019
1057,2019-08-25,28379122,1,2019
1058,2022-10-27,ANONYMOUSTOKEN5173,0,2022
1059,2019-04-30,ANONYMOUSTOKEN1424,1,2019
1060,2021-10-12,ANONYMOUSTOKEN4413,1,2021
1061,2019-09-05,ANONYMOUSTOKEN2609,1,2019
1062,2022-10-24,ANONYMOUSTOKEN5134,0,2022
1063,2019-04-11,n2kdcd10,0,2019
1064,2019-08-01,02513976,1,2019
1065,2022-10-28,22644301,0,2022
1066,2019-04-30,25492583,1,2019
1067,2020-07-11,ANONYMOUSTOKEN2938,1,2020
1068,2019-05-15,30975238,1,2019
1069,2020-08-19,ANONYMOUSTOKEN3093,1,2020
1070,2022-10-21,29060560,0,2022
1071,2021-09-25,ANONYMOUSTOKEN3882,1,2021
1072,2020-01-07,23138741,1,2020
1073,2021-09-29,55657274,1,2021
1074,2021-10-26,ANONYMOUSTOKEN4488,1,2021
1075,2020-10-12,96803979,1,2020
1076,2020-09-22,74077527,1,2020
1077,2022-11-07,26488296,0,2022
1078,2019-05-17,48538887,1,2019
1079,2021-09-23,21851770,0,2021
1080,2019-04-24,ANONYMOUSTOKEN892,1,2019
1081,2019-04-26,58665870,1,2019
1082,2022-08-24,53697400,0,2022
1083,2021-09-27,ANONYMOUSTOKEN4248,1,2021
1084,2019-05-16,09758178,1,2019
1085,2019-04-25,if8cr210,1,2019
1086,2019-04-27,ANONYMOUSTOKEN1278,1,2019
1087,2019-05-02,36714603,1,2019
1088,2020-03-02,zmevwk10,1,2020
1089,2019-04-24,fjkts210,1,2019
1090,2019-05-17,ANONYMOUSTOKEN2214,1,2019
1091,2020-10-12,ANONYMOUSTOKEN2667,1,2020
1092,2022-11-01,ANONYMOUSTOKEN5197,0,2022
1093,2019-04-27,ANONYMOUSTOKEN1203,1,2019
1094,2019-04-09,mrf5zv10,1,2019
1095,2019-05-20,27959949,1,2019
1096,2021-09-15,TESTGFIMAXIME2,1,2021
1097,2019-06-14,ANONYMOUSTOKEN2491,1,2019
1098,2021-10-09,22491470,1,2021
1099,2019-05-04,ANONYMOUSTOKEN2081,1,2019
1100,2019-04-29,32440801,1,2019
1101,2019-04-28,33553055,0,2019
1102,2019-08-29,07591885,1,2019
1103,2019-05-21,ANONYMOUSTOKEN2422,1,2019
1104,2019-05-10,71933280,1,2019
1105,2019-04-08,ANONYMOUSTOKEN878,1,2019
1106,2019-04-27,43582280,1,2019
1107,2021-10-01,70770094,1,2021
1108,2019-04-28,ANONYMOUSTOKEN1573,1,2019
1109,2021-09-28,80114972,1,2021
1110,2022-08-22,ANONYMOUSTOKEN4749,0,2022
1111,2019-04-29,ANONYMOUSTOKEN1829,1,2019
1112,2022-10-26,ANONYMOUSTOKEN4965,0,2022
1113,2019-04-10,mt257e10,1,2019
1114,2019-04-27,63975627,1,2019
1115,2019-04-25,38140609,1,2019
1116,2019-04-30,74602030,1,2019
1117,2019-05-29,vvv76w10,1,2019
1118,2019-04-30,24639777,1,2019
1119,2020-07-16,ANONYMOUSTOKEN3008,1,2020
1120,2021-09-30,74549561,1,2021
1121,2019-05-08,82610900,1,2019
1122,2021-04-19,ANONYMOUSTOKEN3646,1,2021
1123,2021-10-15,00784759,1,2021
1124,2019-04-26,24441794,1,2019
1125,2019-04-26,79055290,1,2019
1126,2019-05-01,ANONYMOUSTOKEN1976,1,2019
1127,2019-05-02,34676413,1,2019
1128,2019-07-01,49065518,1,2019
1129,2020-07-31,ANONYMOUSTOKEN2856,1,2020
1130,2019-04-27,79357978,1,2019
1131,2021-10-05,96944441,1,2021
1132,2019-05-07,ANONYMOUSTOKEN2136,1,2019
1133,2021-03-18,ANONYMOUSTOKEN3625,1,2021
1134,2020-12-14,56275763,0,2020
1135,2022-05-13,ANONYMOUSTOKEN4562,1,2022
1136,2019-05-06,ANONYMOUSTOKEN2104,1,2019
1137,2020-07-10,ANONYMOUSTOKEN2874,1,2020
1138,2019-05-16,ANONYMOUSTOKEN2266,1,2019
1139,2022-11-25,13874434,0,2022
1140,2020-09-28,51536821,1,2020
1141,2021-09-28,92302461,0,2021
1142,2019-04-29,61142431,1,2019
1143,2020-09-17,36165069,1,2020
1144,2021-09-29,14324497,1,2021
1145,2019-05-02,ANONYMOUSTOKEN1986,1,2019
1146,2021-09-28,ANONYMOUSTOKEN3825,1,2021
1147,2021-09-22,11025425,1,2021
1148,2021-09-24,39034254,1,2021
1149,2020-09-23,50494346,1,2020
1150,2019-04-30,81845960,1,2019
1151,2021-10-04,77262328,0,2021
1152,2020-09-25,88302514,1,2020
1153,2019-04-29,57864676,1,2019
1154,2022-10-25,25877360,0,2022
1155,2019-05-03,97088902,1,2019
1156,2021-09-27,75877230,1,2021
1157,2021-05-26,bc9fcp10,1,2021
1158,2022-05-14,ANONYMOUSTOKEN4567,1,2022
1159,2020-07-12,ANONYMOUSTOKEN2924,1,2020
1160,2019-05-08,06685583,1,2019
1161,2019-05-04,74529045,1,2019
1162,2022-10-24,22599593,0,2022
1163,2019-06-29,nsg95u10,1,2019
1164,2019-04-27,13723917,1,2019
1165,2019-04-25,ibh1ei10,1,2019
1166,2020-07-17,08386142,1,2020
1167,2021-10-29,02947580,1,2021
1168,2020-07-24,13576806,1,2020
1169,2019-04-26,ANONYMOUSTOKEN1013,1,2019
1170,2022-11-02,44499934,0,2022
1171,2021-05-28,ANONYMOUSTOKEN3665,1,2021
1172,2020-11-02,ANONYMOUSTOKEN3554,1,2020
1173,2019-05-06,jwt25s10,1,2019
1174,2019-04-28,16929133,1,2019
1175,2021-09-28,56853209,0,2021
1176,2019-04-29,34954844,1,2019
1177,2020-07-29,72976072,1,2020
1178,2022-10-21,90310046,0,2022
1179,2019-04-24,87359072,1,2019
1180,2021-09-26,ANONYMOUSTOKEN4161,1,2021
1181,2021-09-24,50571868,1,2021
1182,2019-05-20,75937174,0,2019
1183,2020-09-21,34275619,1,2020
1184,2019-05-16,ov61e110,1,2019
1185,2021-09-08,88333950,1,2021
1186,2022-10-24,12633618,0,2022
1187,2019-04-28,ANONYMOUSTOKEN885,1,2019
1188,2019-04-28,13522630,1,2019
1189,2022-08-31,ANONYMOUSTOKEN4630,0,2022
1190,2022-11-18,ANONYMOUSTOKEN5296,0,2022
1191,2019-04-28,nm3z1h10,1,2019
1192,2021-09-28,15153096,0,2021
1193,2019-04-30,ANONYMOUSTOKEN1789,1,2019
1194,2020-07-13,ANONYMOUSTOKEN2963,1,2020
1195,2020-07-18,86976707,1,2020
1196,2021-09-29,ANONYMOUSTOKEN4307,1,2021
1197,2019-04-10,ANONYMOUSTOKEN887,1,2019
1198,2020-09-19,ANONYMOUSTOKEN3187,1,2020
1199,2019-04-29,79216204,1,2019
1200,2020-09-28,27790129,1,2020
1201,2020-07-16,ANONYMOUSTOKEN2867,1,2020
1202,2020-10-06,18963260,1,2020
1203,2019-04-28,45169335,1,2019
1204,2019-04-29,jxvfsr10,1,2019
1205,2020-09-18,54178855,1,2020
1206,2021-10-04,ANONYMOUSTOKEN4424,1,2021
1207,2021-09-24,ANONYMOUSTOKEN4018,1,2021
1208,2022-10-07,98412525,0,2022
1209,2019-05-18,ANONYMOUSTOKEN1974,1,2019
1210,2022-11-13,ANONYMOUSTOKEN4181,0,2022
1211,2019-05-04,tkgoji10,0,2019
1212,2020-09-17,31875732,1,2020
1213,2020-07-07,ANONYMOUSTOKEN2843,1,2020
1214,2019-05-14,07467835,1,2019
1215,2020-07-30,ANONYMOUSTOKEN2869,1,2020
1216,2019-05-25,ANONYMOUSTOKEN2278,1,2019
1217,2021-09-25,85710560,1,2021
1218,2022-10-14,ANONYMOUSTOKEN4969,0,2022
1219,2022-10-27,09623791,0,2022
1220,2022-06-17,ed1blm10,1,2022
1221,2019-05-15,79799820,1,2019
1222,2019-12-07,ANONYMOUSTOKEN2620,1,2019
1223,2019-04-27,53737940,1,2019
1224,2019-05-02,50325466,1,2019
1225,2022-10-31,78458030,0,2022
1226,2019-06-22,98952138,1,2019
1227,2020-09-30,42399068,1,2020
1228,2019-05-02,ANONYMOUSTOKEN2029,1,2019
1229,2022-10-20,75500753,0,2022
1230,2021-09-27,ANONYMOUSTOKEN4206,1,2021
1231,2022-11-04,70250437,0,2022
1232,2019-05-28,TESTGFIJMRandroid,1,2019
1233,2021-09-27,40064833,1,2021
1234,2019-04-30,hvsx4x10,1,2019
1235,2019-04-27,59554435,1,2019
1236,2019-04-27,27029037,1,2019
1237,2019-07-04,qngorh10,1,2019
1238,2019-04-24,lwi9g010,1,2019
1239,2021-09-27,ANONYMOUSTOKEN4234,1,2021
1240,2019-05-06,ysgu0r10,1,2019
1241,2019-05-15,33894558,1,2019
1242,2019-04-27,86936124,1,2019
1243,2019-05-03,79549034,1,2019
1244,2020-02-08,ANONYMOUSTOKEN2803,1,2020
1245,2022-06-12,ANONYMOUSTOKEN4420,1,2022
1246,2021-10-22,84284503,1,2021
1247,2020-08-18,ANONYMOUSTOKEN3087,1,2020
1248,2021-09-29,90949931,1,2021
1249,2021-10-31,ANONYMOUSTOKEN3957,1,2021
1250,2019-05-15,97451192,1,2019
1251,2020-07-09,ANONYMOUSTOKEN2865,1,2020
1252,2022-11-14,12300019,0,2022
1253,2022-07-10,00274356,0,2022
1254,2019-05-25,37143799,1,2019
1255,2019-07-24,94211038,1,2019
1256,2019-04-29,78230033,1,2019
1257,2019-04-24,orbwht10,1,2019
1258,2022-11-29,70923110,0,2022
1259,2022-10-21,ANONYMOUSTOKEN4101,0,2022
1260,2021-09-28,51448064,1,2021
1261,2020-09-18,62116252,1,2020
1262,2021-09-25,ANONYMOUSTOKEN4113,1,2021
1263,2020-08-13,00049552,1,2020
1264,2019-05-07,42926492,1,2019
1265,2022-11-15,37094815,0,2022
1266,2019-05-05,k8q5kj10,1,2019
1267,2021-01-12,ANONYMOUSTOKEN3597,1,2021
1268,2021-09-24,uf2xg110,1,2021
1269,2019-05-02,96049837,0,2019
1270,2019-04-29,ANONYMOUSTOKEN1878,1,2019
1271,2022-10-09,42181760,0,2022
1272,2020-01-10,51677312,0,2020
1273,2020-10-12,ANONYMOUSTOKEN3491,1,2020
1274,2019-08-29,gohbez10,1,2019
1275,2019-05-02,86200535,1,2019
1276,2022-10-26,36959720,0,2022
1277,2019-05-23,42383483,1,2019
1278,2020-12-22,ANONYMOUSTOKEN3583,1,2020
1279,2019-04-27,84369164,1,2019
1280,2019-06-07,ANONYMOUSTOKEN2481,1,2019
1281,2020-09-18,ANONYMOUSTOKEN3192,1,2020
1282,2021-10-05,42683282,1,2021
1283,2019-04-27,54550972,1,2019
1284,2019-05-10,29820831,1,2019
1285,2021-09-10,TESTGFINBOSONY22b,1,2021
1286,2022-11-17,24940933,0,2022
1287,2022-09-24,ANONYMOUSTOKEN4793,0,2022
1288,2021-12-19,ANONYMOUSTOKEN4525,1,2021
1289,2022-10-11,ANONYMOUSTOKEN4919,0,2022
1290,2020-01-10,95216326,1,2020
1291,2019-06-06,ftcm4h10,1,2019
1292,2021-09-28,30243960,1,2021
1293,2021-09-28,38382288,1,2021
1294,2020-09-21,89982306,1,2020
1295,2022-05-22,ANONYMOUSTOKEN4596,1,2022
1296,2019-04-26,68787750,1,2019
1297,2019-05-21,67436234,1,2019
1298,2021-02-19,43365594,0,2021
1299,2022-08-26,ANONYMOUSTOKEN4773,0,2022
1300,2019-06-24,c5szaz10,1,2019
1301,2020-07-14,86127565,1,2020
1302,2020-07-14,61785792 ,1,2020
1303,2019-07-16,82839744,1,2019
1304,2019-05-17,00622249,1,2019
1305,2022-08-29,76936254,0,2022
1306,2022-07-02,ANONYMOUSTOKEN4689,0,2022
1307,2020-11-18,71869489,1,2020
1308,2019-07-12,r8d56i10,1,2019
1309,2020-07-11,ANONYMOUSTOKEN2870,1,2020
1310,2020-09-20,ANONYMOUSTOKEN2866,1,2020
1311,2022-10-20,ANONYMOUSTOKEN5082,0,2022
1312,2020-10-09,ANONYMOUSTOKEN3508,1,2020
1313,2021-09-29,45239437,1,2021
1314,2019-04-26,p2ouqi10,1,2019
1315,2019-08-29,ANONYMOUSTOKEN1014,1,2019
1316,2019-04-13,b2j2n310,0,2019
1317,2021-09-29,81597213,0,2021
1318,2019-05-18,52782982,1,2019
1319,2019-04-27,ANONYMOUSTOKEN1229,1,2019
1320,2020-11-02,09146540,1,2020
1321,2022-10-28,ANONYMOUSTOKEN4961,0,2022
1322,2022-10-11,ANONYMOUSTOKEN4912,0,2022
1323,2020-11-25,ANONYMOUSTOKEN3569,1,2020
1324,2019-04-27,ANONYMOUSTOKEN1396,1,2019
1325,2022-10-21,ANONYMOUSTOKEN5092,0,2022
1326,2022-10-15,ANONYMOUSTOKEN5004,0,2022
1327,2019-05-03,ANONYMOUSTOKEN2050,1,2019
1328,2022-06-22,35520273,1,2022
1329,2019-05-06,ANONYMOUSTOKEN2097,1,2019
1330,2019-04-29,57919909,1,2019
1331,2021-03-31,72070970,1,2021
1332,2020-07-10,ANONYMOUSTOKEN2928,1,2020
1333,2020-09-20,81520192,1,2020
1334,2022-08-21,52921187,0,2022
1335,2020-09-20,ANONYMOUSTOKEN2761,1,2020
1336,2019-05-06,ajnff710,1,2019
1337,2019-04-28,ANONYMOUSTOKEN1579,1,2019
1338,2021-09-24,77565596,1,2021
1339,2021-10-22,45486364,0,2021
1340,2019-08-29,ANONYMOUSTOKEN2561,1,2019
1341,2019-04-27,62254058,1,2019
1342,2022-10-17,01970875,0,2022
1343,2020-10-27,65246665,1,2020
1344,2019-05-17,24942652,1,2019
1345,2021-09-08,28036329,1,2021
1346,2020-02-01,ANONYMOUSTOKEN2553,1,2020
1347,2019-05-17,02640039,1,2019
1348,2019-05-15,61858326,1,2019
1349,2020-06-26,20848161,1,2020
1350,2019-06-22,ANONYMOUSTOKEN2508,1,2019
1351,2020-09-20,06605590,1,2020
1352,2020-09-18,28617937,1,2020
1353,2019-05-03,61611203,1,2019
1354,2019-05-20,03589135,1,2019
1355,2019-05-21,16013770,1,2019
1356,2019-08-29,99297951,0,2019
1357,2019-04-30,79458098,1,2019
1358,2020-01-07,ANONYMOUSTOKEN2730,1,2020
1359,2020-09-19,ANONYMOUSTOKEN3190,1,2020
1360,2020-07-12,ANONYMOUSTOKEN861,1,2020
1361,2019-04-27,07525065,1,2019
1362,2020-09-24,33998194,1,2020
1363,2019-04-30,79421501,1,2019
1364,2020-09-23,ANONYMOUSTOKEN3428,1,2020
1365,2019-07-24,cpj8b810,1,2019
1366,2021-09-23,30284901,1,2021
1367,2019-04-29,59095292,1,2019
1368,2020-07-10,ANONYMOUSTOKEN2896,1,2020
1369,2019-05-25,94950760,1,2019
1370,2021-09-24,ANONYMOUSTOKEN3975,1,2021
1371,2020-09-19,36808950,1,2020
1372,2022-10-04,ANONYMOUSTOKEN4868,0,2022
1373,2020-07-09,ANONYMOUSTOKEN2848,1,2020
1374,2022-05-23,97939370,1,2022
1375,2022-11-03,ANONYMOUSTOKEN5199,0,2022
1376,2019-08-29,ANONYMOUSTOKEN2577,1,2019
1377,2019-04-25,43925134,1,2019
1378,2021-09-29,71462714,1,2021
1379,2019-04-29,08667831,1,2019
1380,2019-05-17,84736620,1,2019
1381,2019-04-29,t6ijy210,1,2019
1382,2022-10-14,52206636,0,2022
1383,2019-05-10,68389784,1,2019
1384,2019-05-01,78717746,1,2019
1385,2019-05-15,97687791,1,2019
1386,2021-09-29,pm07al10,0,2021
1387,2020-10-27,02920055,1,2020
1388,2019-05-18,52938400,1,2019
1389,2019-04-29,11358130,1,2019
1390,2022-10-02,80492791,0,2022
1391,2019-05-14,67742959,1,2019
1392,2019-05-04,fdazhz10,1,2019
1393,2022-10-21,97475706,0,2022
1394,2022-05-29,65031173,1,2022
1395,2019-05-05,90274548,1,2019
1396,2019-04-25,56140212,1,2019
1397,2020-11-28,q8rdk710,1,2020
1398,2019-04-29,55151246,1,2019
1399,2020-10-21,56452850,1,2020
1400,2020-10-10,10224214,1,2020
1401,2022-11-15,11109590,0,2022
1402,2019-05-01,83710163,1,2019
1403,2021-09-23,13838210,1,2021
1404,2021-09-24,cskhdo10,1,2021
1405,2019-05-06,21721107,1,2019
1406,2021-01-18,17694901,1,2021
1407,2020-04-27,ANONYMOUSTOKEN2818,1,2020
1408,2020-09-18,ANONYMOUSTOKEN3118,1,2020
1409,2022-11-04,ANONYMOUSTOKEN5231,0,2022
1410,2019-04-29,47905683,1,2019
1411,2019-05-16,ANONYMOUSTOKEN1792,1,2019
1412,2019-06-15,b17e5f10,0,2019
1413,2019-05-20,04248461,1,2019
1414,2019-05-17,63343150,0,2019
1415,2022-10-21,57064907,0,2022
1416,2022-08-21,41605287,0,2022
1417,2019-05-17,04758407,1,2019
1418,2022-11-05,03153556,0,2022
1419,2021-01-09,07288759,1,2021
1420,2021-01-19,46454382,1,2021
1421,2020-09-18,15785735,1,2020
1422,2020-09-23,ANONYMOUSTOKEN3339,1,2020
1423,2019-04-29,62893418,0,2019
1424,2020-01-03,hg99lw10,0,2020
1425,2020-07-10,ANONYMOUSTOKEN2885,1,2020
1426,2021-09-25,13769057,0,2021
1427,2021-09-14,ANONYMOUSTOKEN3681,0,2021
1428,2021-10-24,70241111,1,2021
1429,2019-05-27,ANONYMOUSTOKEN2450,1,2019
1430,2020-09-22,91400957,1,2020
1431,2019-05-18,77769659,1,2019
1432,2021-04-15,ANONYMOUSTOKEN2970,1,2021
1433,2019-06-18,31038051,1,2019
1434,2019-04-27,22880697,1,2019
1435,2020-09-19,ANONYMOUSTOKEN3326,1,2020
1436,2020-02-27,ANONYMOUSTOKEN2806,1,2020
1437,2021-11-04,ANONYMOUSTOKEN4498,1,2021
1438,2021-10-12,ANONYMOUSTOKEN4418,1,2021
1439,2019-04-28,83653554,0,2019
1440,2019-06-24,77161218,1,2019
1441,2019-05-10,ANONYMOUSTOKEN1530,1,2019
1442,2019-08-30,09036904,1,2019
1443,2019-08-29,ANONYMOUSTOKEN2069,1,2019
1444,2021-09-24,62860235,1,2021
1445,2021-11-30,90305117,1,2021
1446,2020-01-18,51255303,1,2020
1447,2021-09-26,ANONYMOUSTOKEN4218,1,2021
1448,2020-01-11,fr8ecc10 ,1,2020
1449,2019-04-30,54176477,1,2019
1450,2020-01-11,ANONYMOUSTOKEN2765,1,2020
1451,2020-09-20,72405069,1,2020
1452,2019-04-26,76938279,1,2019
1453,2019-07-27,dhyci110,1,2019
1454,2019-04-29,68723246,1,2019
1455,2019-05-06,44149094,1,2019
1456,2022-10-26,02904572,0,2022
1457,2022-10-26,ANONYMOUSTOKEN5166,0,2022
1458,2020-09-18,97737552,1,2020
1459,2020-09-19,97385493,1,2020
1460,2019-04-24,ANONYMOUSTOKEN916,1,2019
1461,2022-12-15,16780827,0,2022
1462,2022-10-09,21480176,0,2022
1463,2019-04-29,27325277,1,2019
1464,2019-08-31,c1d1p410,0,2019
1465,2021-11-28,ANONYMOUSTOKEN4519,1,2021
1466,2021-09-15,TESTGFINBOTAB24,1,2021
1467,2021-10-12,99903565,1,2021
1468,2019-06-10,42159585,1,2019
1469,2019-05-17,19739517,1,2019
1470,2020-07-17,36560308,1,2020
1471,2020-09-18,14084642,0,2020
1472,2020-09-19,23839042,1,2020
1473,2021-09-25,64508233,1,2021
1474,2019-05-17,39629960,0,2019
1475,2020-07-25,03812682,1,2020
1476,2020-10-10,ANONYMOUSTOKEN3517,1,2020
1477,2019-07-17,51918907,1,2019
1478,2022-03-15,ANONYMOUSTOKEN4544,1,2022
1479,2022-10-27,ANONYMOUSTOKEN5169,0,2022
1480,2019-05-19,66256720,1,2019
1481,2019-04-28,68299602,1,2019
1482,2020-09-19,07080090,1,2020
1483,2019-05-03,02158032,1,2019
1484,2021-10-06,45302472,1,2021
1485,2022-10-13,94314744,0,2022
1486,2021-07-15,TESTGFIMAXIME1,1,2021
1487,2019-04-27,91041859,1,2019
1488,2019-04-29,62026869,0,2019
1489,2019-05-19,02020534,1,2019
1490,2019-04-30,nf6dam10   ,1,2019
1491,2019-05-18,31514523,1,2019
1492,2021-09-24,48302272,1,2021
1493,2022-11-01,73662840,0,2022
1494,2019-09-05,88580508,1,2019
1495,2019-04-26,ANONYMOUSTOKEN1137,1,2019
1496,2020-12-08,ANONYMOUSTOKEN3577,1,2020
1497,2019-04-26,ANONYMOUSTOKEN935,1,2019
1498,2019-04-27,ANONYMOUSTOKEN1406,1,2019
1499,2022-10-15,49903846,0,2022
1500,2020-09-18,03947479,1,2020
1501,2021-12-11,82776414,1,2021
1502,2019-07-04,t3gmt010,1,2019
1503,2020-02-10,ANONYMOUSTOKEN1233,1,2020
1504,2019-04-29,35539132,1,2019
1505,2022-10-20,85152668,0,2022
1506,2022-08-24,46825594,0,2022
1507,2022-10-25,37938114,0,2022
1508,2021-09-29,19072801,1,2021
1509,2019-05-13,dyewmg10,1,2019
1510,2020-10-09,hvsyse10,1,2020
1511,2021-04-29,19527079,1,2021
1512,2019-04-26,32132260,1,2019
1513,2022-09-25,ANONYMOUSTOKEN4799,0,2022
1514,2021-09-24,ANONYMOUSTOKEN4080,1,2021
1515,2020-09-25,ANONYMOUSTOKEN3445,1,2020
1516,2019-05-25,ANONYMOUSTOKEN2443,1,2019
1517,2021-09-10,ANONYMOUSTOKEN3618,1,2021
1518,2022-09-30,85253689,0,2022
1519,2020-09-18,ANONYMOUSTOKEN3235,1,2020
1520,2020-07-10,ANONYMOUSTOKEN2884,1,2020
1521,2020-10-21,ANONYMOUSTOKEN2753,1,2020
1522,2021-09-24,59790135,1,2021
1523,2021-07-20,ANONYMOUSTOKEN3695,1,2021
1524,2021-05-16,ANONYMOUSTOKEN3161,1,2021
1525,2022-06-22,ANONYMOUSTOKEN4676,0,2022
1526,2020-07-22,66668565,1,2020
1527,2019-05-18,21945045,1,2019
1528,2021-10-02,ANONYMOUSTOKEN4423,1,2021
1529,2019-05-18,75274364,1,2019
1530,2020-10-09,a15rj410,1,2020
1531,2019-05-06,00695017,1,2019
1532,2019-05-04,73327383,1,2019
1533,2019-04-28,08209853,1,2019
1534,2020-09-20,52865811,1,2020
1535,2019-04-28,37025031,1,2019
1536,2019-05-06,ANONYMOUSTOKEN2123,1,2019
1537,2019-05-18,49454427,1,2019
1538,2019-05-20,57529109,1,2019
1539,2022-09-26,ANONYMOUSTOKEN4798,0,2022
1540,2021-10-01,36477992,1,2021
1541,2021-09-24,02047321,1,2021
1542,2019-04-03,ANONYMOUSTOKEN865,1,2019
1543,2019-04-29,17867258,1,2019
1544,2019-04-30,71602623,1,2019
1545,2019-05-16,73583652,1,2019
1546,2019-12-14,47125839,1,2019
1547,2019-09-06,10321494,1,2019
1548,2022-09-13,ANONYMOUSTOKEN4786,0,2022
1549,2021-03-04,92680914,0,2021
1550,2021-11-22,66418459,0,2021
1551,2020-09-21,85256484,1,2020
1552,2019-05-17,ANONYMOUSTOKEN2281,1,2019
1553,2019-04-27,83199741,1,2019
1554,2019-05-01,ANONYMOUSTOKEN1964,1,2019
1555,2019-05-17,99484359,1,2019
1556,2019-05-02,r007jn10,1,2019
1557,2021-01-26,36691934,1,2021
1558,2022-08-24,ANONYMOUSTOKEN4771,0,2022
1559,2020-10-10,ANONYMOUSTOKEN1374,1,2020
1560,2019-04-26,24861258,1,2019
1561,2020-09-24,79006065,1,2020
1562,2021-09-27,01039694,1,2021
1563,2021-09-24,ANONYMOUSTOKEN3877,1,2021
1564,2019-04-30,25853137,1,2019
1565,2022-09-30,ANONYMOUSTOKEN4805,0,2022
1566,2021-10-18,52512913,1,2021
1567,2020-08-13,57234800,0,2020
1568,2019-05-02,98186177,1,2019
1569,2019-05-19,79594989,1,2019
1570,2021-09-22,60486116,1,2021
1571,2022-11-02,ANONYMOUSTOKEN5198,0,2022
1572,2019-06-14,apr8as10,1,2019
1573,2020-07-09,ANONYMOUSTOKEN2864,1,2020
1574,2020-07-13,v65ef210,1,2020
1575,2019-04-24,y96ok910,1,2019
1576,2019-04-27,13365587,0,2019
1577,2021-09-26,64997582,0,2021
1578,2019-04-27,75803802,1,2019
1579,2022-08-23,49636961,0,2022
1580,2021-09-23,44851570,1,2021
1581,2019-05-01,77181867,1,2019
1582,2021-06-03,ANONYMOUSTOKEN3669,1,2021
1583,2019-04-29,ANONYMOUSTOKEN1539,1,2019
1584,2019-08-01,ANONYMOUSTOKEN2536,1,2019
1585,2019-06-25,xyyv0s10,1,2019
1586,2020-10-02,13515216,1,2020
1587,2019-04-29,93359254,1,2019
1588,2019-05-14,97481521,1,2019
1589,2019-05-01,ANONYMOUSTOKEN1981,1,2019
1590,2019-04-30,ANONYMOUSTOKEN876,1,2019
1591,2020-07-29,46148460,1,2020
1592,2021-10-02,56063500,0,2021
1593,2019-05-07,58514900,1,2019
1594,2019-05-19,86218643,1,2019
1595,2019-08-29,ANONYMOUSTOKEN2586,1,2019
1596,2019-08-29,ANONYMOUSTOKEN1376,1,2019
1597,2020-09-19,ANONYMOUSTOKEN2202,1,2020
1598,2019-04-26,42267936,1,2019
1599,2019-05-02,ANONYMOUSTOKEN2024,1,2019
1600,2021-09-28,46989856,1,2021
1601,2020-01-10,68229708,1,2020
1602,2019-06-24,44807696,1,2019
1603,2019-04-30,82016381,1,2019
1604,2019-05-12,73141749,1,2019
1605,2020-09-18,ANONYMOUSTOKEN3122,1,2020
1606,2019-04-27,03612076,1,2019
1607,2019-04-27,46109745,1,2019
1608,2019-05-04,92447383,1,2019
1609,2021-09-22,TESTGFINBOTAB257,1,2021
1610,2019-09-07,79472056,0,2019
1611,2019-05-09,e3ld7k10,0,2019
1612,2020-09-18,ANONYMOUSTOKEN3202,1,2020
1613,2020-09-18,58831402,1,2020
1614,2021-09-24,ANONYMOUSTOKEN4115,1,2021
1615,2020-07-11,ANONYMOUSTOKEN2960,1,2020
1616,2019-05-12,68634418,1,2019
1617,2019-05-04,99580356,1,2019
1618,2020-07-20,44524056,1,2020
1619,2019-08-29,ANONYMOUSTOKEN2588,1,2019
1620,2019-05-10,12867686,1,2019
1621,2019-04-28,48709254,1,2019
1622,2021-09-29,98434377,1,2021
1623,2020-09-24,ANONYMOUSTOKEN3437,1,2020
1624,2022-11-14,ANONYMOUSTOKEN5220,0,2022
1625,2020-07-03,ANONYMOUSTOKEN2828,1,2020
1626,2019-05-15,15980940,1,2019
1627,2019-04-29,32765408,1,2019
1628,2022-06-29,91728635,1,2022
1629,2020-01-10,ANONYMOUSTOKEN2748,1,2020
1630,2019-04-28,26401885,1,2019
1631,2020-07-10,ANONYMOUSTOKEN2917,1,2020
1632,2020-09-18,71476472,1,2020
1633,2022-10-20,ANONYMOUSTOKEN5076,0,2022
1634,2019-04-17,i05n8k10,0,2019
1635,2019-05-17,ANONYMOUSTOKEN2300,1,2019
1636,2020-10-19,ANONYMOUSTOKEN3545,1,2020
1637,2019-05-07,ANONYMOUSTOKEN2151,1,2019
1638,2021-09-29,ANONYMOUSTOKEN4373,1,2021
1639,2019-05-08,ANONYMOUSTOKEN2148,1,2019
1640,2019-06-08,54192866,0,2019
1641,2019-05-02,98940886,1,2019
1642,2021-10-01,67874308,1,2021
1643,2021-09-28,59537730,1,2021
1644,2019-04-16,wzq4k810,1,2019
1645,2021-09-27,49222838,1,2021
1646,2022-05-24,ANONYMOUSTOKEN4536,1,2022
1647,2022-10-20,ANONYMOUSTOKEN5041,0,2022
1648,2022-11-04,ANONYMOUSTOKEN5224,0,2022
1649,2022-12-24,ANONYMOUSTOKEN5051,0,2022
1650,2022-12-29,35671595,0,2022
1651,2022-12-26,94832308,0,2022
