date_premiere_cap,temps_inactivite_mois,Age_token_mois,confinement,profil_utilisateur,token_tendance,nombre_trajet,nombre_km,temps_inactivite_max_entre_2trajets
2019-01-01T00:00:00.000+0000,39.6,8.32,0,1,1,3611588,157652.98,0
2019-01-02T00:00:00.000+0000,0,0,0,0,1,0,0,0
2019-01-03T00:00:00.000+0000,0,0,0,0,1,0,0,0
2019-01-04T00:00:00.000+0000,0,0,0,0,1,0,0,0
2019-01-05T00:00:00.000+0000,0,0,0,0,1,0,0,0
2019-01-06T00:00:00.000+0000,0,0,0,0,1,0,0,0
2019-01-07T00:00:00.000+0000,0,0,0,0,1,0,0,0
2019-01-08T00:00:00.000+0000,0,0,0,0,1,0,0,0
2019-01-09T00:00:00.000+0000,0,0,0,0,1,0,0,0
2019-01-10T00:00:00.000+0000,0,0,0,0,1,0,0,0
2019-01-11T00:00:00.000+0000,0,0,0,0,1,0,0,0
2019-01-12T00:00:00.000+0000,0,0,0,0,1,0,0,0
2019-01-13T00:00:00.000+0000,0,0,0,0,1,0,0,0
2019-01-14T00:00:00.000+0000,0,0,0,0,1,0,0,0
2019-01-15T00:00:00.000+0000,0,0,0,0,1,0,0,0
2019-01-16T00:00:00.000+0000,0,0,0,0,1,0,0,0
2019-01-17T00:00:00.000+0000,0,0,0,0,1,0,0,0
2019-01-18T00:00:00.000+0000,0,0,0,0,1,0,0,0
2019-01-19T00:00:00.000+0000,0,0,0,0,1,0,0,0
2019-01-20T00:00:00.000+0000,0,0,0,0,1,0,0,0
2019-01-21T00:00:00.000+0000,0,0,0,0,1,0,0,0
2019-01-22T00:00:00.000+0000,0,0,0,0,1,0,0,0
2019-01-23T00:00:00.000+0000,0,0,0,0,1,0,0,0
2019-01-24T00:00:00.000+0000,0,0,0,0,1,0,0,0
2019-01-25T00:00:00.000+0000,0,0,0,0,1,0,0,0
2019-01-26T00:00:00.000+0000,0,0,0,0,1,0,0,0
2019-01-27T00:00:00.000+0000,0,0,0,0,1,0,0,0
2019-01-28T00:00:00.000+0000,0,0,0,0,1,0,0,0
2019-01-29T00:00:00.000+0000,0,0,0,0,1,0,0,0
2019-01-30T00:00:00.000+0000,0,0,0,0,1,0,0,0
2019-01-31T00:00:00.000+0000,0,0,0,0,1,0,0,0
2019-02-01T00:00:00.000+0000,0,0,0,0,1,0,0,0
2019-02-02T00:00:00.000+0000,0,0,0,0,1,0,0,0
2019-02-03T00:00:00.000+0000,0,0,0,0,1,0,0,0
2019-02-04T00:00:00.000+0000,0,0,0,0,1,0,0,0
2019-02-05T00:00:00.000+0000,0,0,0,0,1,0,0,0
2019-02-06T00:00:00.000+0000,0,0,0,0,1,0,0,0
2019-02-07T00:00:00.000+0000,0,0,0,0,1,0,0,0
2019-02-08T00:00:00.000+0000,0,0,0,0,1,0,0,0
2019-02-09T00:00:00.000+0000,0,0,0,0,1,0,0,0
2019-02-10T00:00:00.000+0000,0,0,0,0,1,0,0,0
2019-02-11T00:00:00.000+0000,0,0,0,0,1,0,0,0
2019-02-12T00:00:00.000+0000,0,0,0,0,1,0,0,0
2019-02-13T00:00:00.000+0000,0,0,0,0,1,0,0,0
2019-02-14T00:00:00.000+0000,0,0,0,0,1,0,0,0
2019-02-15T00:00:00.000+0000,0,0,0,0,1,0,0,0
2019-02-16T00:00:00.000+0000,0,0,0,0,1,0,0,0
2019-02-17T00:00:00.000+0000,0,0,0,0,1,0,0,0
2019-02-18T00:00:00.000+0000,0,0,0,0,1,0,0,0
2019-02-19T00:00:00.000+0000,0,0,0,0,1,0,0,0
2019-02-20T00:00:00.000+0000,0,0,0,0,1,0,0,0
2019-02-21T00:00:00.000+0000,0,0,0,0,1,0,0,0
2019-02-22T00:00:00.000+0000,0,0,0,0,1,0,0,0
2019-02-23T00:00:00.000+0000,0,0,0,0,1,0,0,0
2019-02-24T00:00:00.000+0000,0,0,0,0,1,0,0,0
2019-02-25T00:00:00.000+0000,0,0,0,0,1,0,0,0
2019-02-26T00:00:00.000+0000,0,0,0,0,1,0,0,0
2019-02-27T00:00:00.000+0000,0,0,0,0,1,0,0,0
2019-02-28T00:00:00.000+0000,0,0,0,0,1,0,0,0
2019-03-01T00:00:00.000+0000,0,0,0,0,1,0,0,0
2019-03-02T00:00:00.000+0000,0,0,0,0,1,0,0,0
2019-03-03T00:00:00.000+0000,0,0,0,0,1,0,0,0
2019-03-04T00:00:00.000+0000,0,0,0,0,1,0,0,0
2019-03-05T00:00:00.000+0000,0,0,0,0,1,0,0,0
2019-03-06T00:00:00.000+0000,0,0,0,0,1,0,0,0
2019-03-07T00:00:00.000+0000,0,0,0,0,1,0,0,0
2019-03-08T00:00:00.000+0000,0,0,0,0,1,0,0,0
2019-03-09T00:00:00.000+0000,0,0,0,0,1,0,0,0
2019-03-10T00:00:00.000+0000,0,0,0,0,1,0,0,0
2019-03-11T00:00:00.000+0000,0,0,0,0,1,0,0,0
2019-03-12T00:00:00.000+0000,0,0,0,0,1,0,0,0
2019-03-13T00:00:00.000+0000,0,0,0,0,1,0,0,0
2019-03-14T00:00:00.000+0000,0,0,0,0,1,0,0,0
2019-03-15T00:00:00.000+0000,0,0,0,0,1,0,0,0
2019-03-16T00:00:00.000+0000,0,0,0,0,1,0,0,0
2019-03-17T00:00:00.000+0000,0,0,0,0,1,0,0,0
2019-03-18T00:00:00.000+0000,0,0,0,0,1,0,0,0
2019-03-19T00:00:00.000+0000,0,0,0,0,1,0,0,0
2019-03-20T00:00:00.000+0000,0,0,0,0,1,0,0,0
2019-03-21T00:00:00.000+0000,0,0,0,0,1,0,0,0
2019-03-22T00:00:00.000+0000,0,0,0,0,1,0,0,0
2019-03-23T00:00:00.000+0000,0,0,0,0,1,0,0,0
2019-03-24T00:00:00.000+0000,0,0,0,0,1,0,0,0
2019-03-25T00:00:00.000+0000,0,0,0,0,1,0,0,0
2019-03-26T00:00:00.000+0000,0,0,0,0,1,0,0,0
2019-03-27T00:00:00.000+0000,0,0,0,0,1,0,0,0
2019-03-28T00:00:00.000+0000,44.8,0.22,0,1,1,2314,78.53,0.14805583333333333
2019-03-29T00:00:00.000+0000,0,0,0,0,0,0,0,0
2019-03-30T00:00:00.000+0000,0,0,0,0,1,0,0,0
2019-03-31T00:00:00.000+0000,0,0,0,0,1,0,0,0
2019-04-01T00:00:00.000+0000,0,0,0,0,1,0,0,0
2019-04-02T00:00:00.000+0000,39.9,4.98,0,1,1,93955,4000.93,2.843888888888889
2019-04-03T00:00:00.000+0000,43.7,1.13,0,1,1,52889,1576.23,2.2647069444444443
2019-04-04T00:00:00.000+0000,0,0,0,0,0,0,0,0
2019-04-05T00:00:00.000+0000,0,0,0,0,1,0,0,0
2019-04-06T00:00:00.000+0000,0,0,0,0,1,0,0,0
2019-04-07T00:00:00.000+0000,0,0,0,0,1,0,0,0
2019-04-08T00:00:00.000+0000,39.63333333333333,5.05,0,1,1,68168,5317.54,3.257231388888889
2019-04-09T00:00:00.000+0000,44.03333333333333,0.6,0,1,1,8293,394.62,11.138618333333334
2019-04-10T00:00:00.000+0000,60.6,73.27,0,2,1,2392957,238654.99,16.382436666666667
2019-04-11T00:00:00.000+0000,6.866666666666667,127.45,0,1,1,5868341,332386.73,37.14109027777778
2019-04-12T00:00:00.000+0000,55.03333333333333,34.03,0,2,0,166315,10667.62,3.443937777777778
2019-04-13T00:00:00.000+0000,0.4,44.3,0,0,0,1499876,104989.46,6.998886388888889
2019-04-14T00:00:00.000+0000,17.333333333333332,27.13,0,1,1,463707,17806.32,17.30499861111111
2019-04-15T00:00:00.000+0000,83.03333333333333,5.86,0,2,1,80870,3372.32,4.0500469444444445
2019-04-16T00:00:00.000+0000,59.199999999999996,29.62,0,2,1,115077,6470.3,7.1052791666666675
2019-04-17T00:00:00.000+0000,44,44.74,0,1,1,713285,32115.36,13.6416225
2019-04-18T00:00:00.000+0000,0,0,0,0,0,0,0,0
2019-04-19T00:00:00.000+0000,73.43333333333334,15.18,0,2,1,272229,16860.42,4.863330555555556
2019-04-20T00:00:00.000+0000,44.266666666666666,0,0,1,0,139,16.03,0.18222222222222223
2019-04-21T00:00:00.000+0000,0,0,0,0,0,0,0,0
2019-04-22T00:00:00.000+0000,0,0,0,0,1,0,0,0
2019-04-23T00:00:00.000+0000,165.29999999999998,55.47,0,4,1,1268771,100225.05,9.338833888888889
2019-04-24T00:00:00.000+0000,809.9666666666666,249.26,0,24,1,3851606,218913.28,105.20794194444446
2019-04-25T00:00:00.000+0000,370.6333333333334,70.37,0,10,0,175600,8160,9.909491666666668
2019-04-26T00:00:00.000+0000,1378.5000000000002,384.29,0,36,1,6689425,406533.02,128.2118913888889
2019-04-27T00:00:00.000+0000,2389.666666666666,473.6,0,60,1,9680406,454950.08,203.0891572222223
2019-04-28T00:00:00.000+0000,1351.533333333333,408.85,0,37,0,5870088,318825.53,185.91260749999998
2019-04-29T00:00:00.000+0000,2276.1,670.03,0,63,1,8951652,549249.48,193.74162916666668
2019-04-30T00:00:00.000+0000,1357.8999999999999,224.17,0,35,0,3338531,183553.93,130.8297452777778
2019-05-01T00:00:00.000+0000,854.6000000000001,67.28,0,21,0,774141,41538.96,55.8585861111111
2019-05-02T00:00:00.000+0000,872.1,180.83,0,22,1,1209797,94479.99,37.620955555555554
2019-05-03T00:00:00.000+0000,350.0666666666666,88.29,0,10,0,447410,27927.76,18.623616944444443
2019-05-04T00:00:00.000+0000,847.0333333333333,204.22,0,22,1,1902973,109525.45,74.53543388888889
2019-05-05T00:00:00.000+0000,295.3666666666667,54.79,0,8,0,473449,31507.85,26.67654361111111
2019-05-06T00:00:00.000+0000,747.1333333333333,215.13,0,21,1,2014309,115462.53,63.307378333333325
2019-05-07T00:00:00.000+0000,548.5333333333334,63.29,0,14,0,575952,43789.01,24.683471388888886
2019-05-08T00:00:00.000+0000,277.96666666666664,27.69,0,7,0,266860,14992.75,8.275718888888889
2019-05-09T00:00:00.000+0000,329.73333333333335,62.97,0,8,1,387579,28041.53,20.866158333333335
2019-05-10T00:00:00.000+0000,480.5666666666667,86.4,0,12,1,1110179,45128.23,23.170656666666666
2019-05-11T00:00:00.000+0000,113.66666666666666,60.62,0,4,0,535454,26961.74,10.886666388888889
2019-05-12T00:00:00.000+0000,75.96666666666667,54.64,0,2,0,379706,20603.85,10.343611388888888
2019-05-13T00:00:00.000+0000,138.56666666666666,78.97,0,5,1,550800,19616.83,29.15574888888889
2019-05-14T00:00:00.000+0000,314.26666666666665,33.49,0,8,1,946758,43509.63,21.841493333333332
2019-05-15T00:00:00.000+0000,442.3666666666667,122.34,0,12,1,1711006,99793.8,26.77153888888889
2019-05-16T00:00:00.000+0000,384.90000000000003,92.55,0,10,0,1242521,70847.72,21.08152138888889
2019-05-17T00:00:00.000+0000,1464.6666666666663,270.01,0,38,1,2284206,143356,71.62164277777778
2019-05-18T00:00:00.000+0000,627.4333333333334,109.24,0,17,0,1015798,65259.32,34.307098611111115
2019-05-19T00:00:00.000+0000,312,34.42,0,8,0,493035,27336.92,16.580138333333338
2019-05-20T00:00:00.000+0000,549.8333333333333,142.46,0,14,1,509563,28730.54,21.677386944444446
2019-05-21T00:00:00.000+0000,350.2666666666667,38.86,0,9,0,218481,15987.62,29.269618888888886
2019-05-22T00:00:00.000+0000,46.36666666666667,40.05,0,2,0,51679,4542.26,4.1113599999999995
2019-05-23T00:00:00.000+0000,100.4,29.13,0,3,1,111630,5521.03,5.658688888888888
2019-05-24T00:00:00.000+0000,44.599999999999994,85.04,0,1,1,1289766,75365.29,13.405299166666666
2019-05-25T00:00:00.000+0000,152.33333333333331,20.09,0,4,1,118217,8365.19,6.2199044444444445
2019-05-26T00:00:00.000+0000,86.73333333333333,42.48,0,2,0,17499,1037.25,3.256416944444444
2019-05-27T00:00:00.000+0000,250.63333333333333,7.58,0,6,1,198236,9318.67,12.313973055555554
2019-05-28T00:00:00.000+0000,120.79999999999998,8.24,0,3,0,83620,3694.15,5.466303055555556
2019-05-29T00:00:00.000+0000,42.96666666666667,0.01,0,1,0,10757,523.2,2.086388888888889
2019-05-30T00:00:00.000+0000,34,8.94,0,1,1,22884,1399.5,1.0205555555555557
2019-05-31T00:00:00.000+0000,72.63333333333334,13.17,0,2,1,86344,4172.22,2.539444722222222
2019-06-01T00:00:00.000+0000,0,0,0,0,0,0,0,0
2019-06-02T00:00:00.000+0000,72.9,12.78,0,2,1,31092,1519.91,2.7944444444444443
2019-06-03T00:00:00.000+0000,0,0,0,0,0,0,0,0
2019-06-04T00:00:00.000+0000,0,0,0,0,1,0,0,0
2019-06-05T00:00:00.000+0000,42.733333333333334,0,0,1,1,15,11.19,0.25468444444444444
2019-06-06T00:00:00.000+0000,100.63333333333334,27.48,0,3,1,146587,6092.92,7.308370833333333
2019-06-07T00:00:00.000+0000,35.46666666666667,7.2,0,1,0,84328,4595.4,4.2652777777777775
2019-06-08T00:00:00.000+0000,107.8,62.8,0,3,1,480217,25852.42,5.616931388888889
2019-06-09T00:00:00.000+0000,0,0,0,0,0,0,0,0
2019-06-10T00:00:00.000+0000,72.4,12.76,0,2,1,23881,931.68,1.5094322222222223
2019-06-11T00:00:00.000+0000,42.36666666666667,0.18,0,1,0,28338,1212.8,1.6252777777777778
2019-06-12T00:00:00.000+0000,120,7.51,0,3,1,125031,9269.74,4.860546388888889
2019-06-13T00:00:00.000+0000,0,0,0,0,0,0,0,0
2019-06-14T00:00:00.000+0000,84.86666666666666,0,0,2,1,1404,9.6,0.35437166666666664
2019-06-15T00:00:00.000+0000,35.8,49,0,1,1,63923,4596.62,4.9847213888888895
2019-06-16T00:00:00.000+0000,42.3,0.07,0,1,0,4118,166.92,0.84
2019-06-17T00:00:00.000+0000,35.46666666666667,6.86,0,1,1,3165,134.2,0.4827775
2019-06-18T00:00:00.000+0000,34.53333333333333,7.78,0,1,1,180793,9386.72,1.5305555555555554
2019-06-19T00:00:00.000+0000,0,0,0,0,0,0,0,0
2019-06-20T00:00:00.000+0000,0,0,0,0,1,0,0,0
2019-06-21T00:00:00.000+0000,0,0,0,0,1,0,0,0
2019-06-22T00:00:00.000+0000,153.2,15.44,0,4,1,105254,7094.57,6.598890833333334
2019-06-23T00:00:00.000+0000,0,0,0,0,0,0,0,0
2019-06-24T00:00:00.000+0000,258.7,120.19,0,9,1,910826,53389.3,15.964223611111114
2019-06-25T00:00:00.000+0000,27.1,14.98,0,1,0,112320,10771.04,7.6461033333333335
2019-06-26T00:00:00.000+0000,0.4666666666666667,41.9,0,0,1,3146604,225737.85,10.891845833333333
2019-06-27T00:00:00.000+0000,0,0,0,0,0,0,0,0
2019-06-28T00:00:00.000+0000,0,0,0,0,1,0,0,0
2019-06-29T00:00:00.000+0000,11.233333333333333,30.7,0,1,1,93879,5071.64,2.0308333333333333
2019-06-30T00:00:00.000+0000,0,0,0,0,0,0,0,0
2019-07-01T00:00:00.000+0000,40.8,1.07,0,1,1,812,23.7,0.2763888888888889
2019-07-02T00:00:00.000+0000,41.833333333333336,0.01,0,1,1,152,22.37,0.5672222222222222
2019-07-03T00:00:00.000+0000,73.9,9.69,0,2,1,4226,195.91,0.650833611111111
2019-07-04T00:00:00.000+0000,80.80000000000001,2.76,0,2,1,141122,12694.9,9.03599
2019-07-05T00:00:00.000+0000,0,0,0,0,0,0,0,0
2019-07-06T00:00:00.000+0000,0,0,0,0,1,0,0,0
2019-07-07T00:00:00.000+0000,0,0,0,0,1,0,0,0
2019-07-08T00:00:00.000+0000,0,0,0,0,1,0,0,0
2019-07-09T00:00:00.000+0000,41.6,0.01,0,1,1,1572,45.07,0.3997222222222222
2019-07-10T00:00:00.000+0000,0,0,0,0,0,0,0,0
2019-07-11T00:00:00.000+0000,0,0,0,0,1,0,0,0
2019-07-12T00:00:00.000+0000,39.9,1.6,0,1,1,7436,370.72,0.6955305555555555
2019-07-13T00:00:00.000+0000,81.03333333333333,1.91,0,2,1,91854,2556.28,2.400615
2019-07-14T00:00:00.000+0000,40.46666666666667,0.96,0,1,0,28826,354.71,2.0044444444444443
2019-07-15T00:00:00.000+0000,0,0,0,0,0,0,0,0
2019-07-16T00:00:00.000+0000,33.833333333333336,7.54,0,1,1,7298,606.51,1.2019444444444445
2019-07-17T00:00:00.000+0000,122.63333333333333,42.71,0,3,1,140396,5450.1,3.2488888888888887
2019-07-18T00:00:00.000+0000,0,0,0,0,0,0,0,0
2019-07-19T00:00:00.000+0000,25.666666666666668,15.6,0,1,1,1263,32.07,0.5530555555555555
2019-07-20T00:00:00.000+0000,0,0,0,0,0,0,0,0
2019-07-21T00:00:00.000+0000,0,0,0,0,1,0,0,0
2019-07-22T00:00:00.000+0000,39.6,1.58,0,1,1,52376,3898.2,4.299167222222223
2019-07-23T00:00:00.000+0000,0,0,0,0,0,0,0,0
2019-07-24T00:00:00.000+0000,75.53333333333333,6.66,0,2,1,6422,213.46,0.9135936111111111
2019-07-25T00:00:00.000+0000,0,0,0,0,0,0,0,0
2019-07-26T00:00:00.000+0000,0,0,0,0,1,0,0,0
2019-07-27T00:00:00.000+0000,41,0,0,1,1,1546,41.74,0.5111113888888889
2019-07-28T00:00:00.000+0000,0,0,0,0,0,0,0,0
2019-07-29T00:00:00.000+0000,0,0,0,0,1,0,0,0
2019-07-30T00:00:00.000+0000,0,0,0,0,1,0,0,0
2019-07-31T00:00:00.000+0000,39.63333333333333,1.24,0,1,1,5101,579.07,3.3072208333333335
2019-08-01T00:00:00.000+0000,58.06666666666667,23.59,0,2,1,377903,14041.95,4.317222222222222
2019-08-02T00:00:00.000+0000,0,0,0,0,0,0,0,0
2019-08-03T00:00:00.000+0000,0,0,0,0,1,0,0,0
2019-08-04T00:00:00.000+0000,0,0,0,0,1,0,0,0
2019-08-05T00:00:00.000+0000,0,0,0,0,1,0,0,0
2019-08-06T00:00:00.000+0000,40.63333333333333,0.03,0,1,1,22,0.31,0.01100888888888889
2019-08-07T00:00:00.000+0000,0,0,0,0,0,0,0,0
2019-08-08T00:00:00.000+0000,0,0,0,0,1,0,0,0
2019-08-09T00:00:00.000+0000,0,0,0,0,1,0,0,0
2019-08-10T00:00:00.000+0000,0,0,0,0,1,0,0,0
2019-08-11T00:00:00.000+0000,0,0,0,0,1,0,0,0
2019-08-12T00:00:00.000+0000,0,0,0,0,1,0,0,0
2019-08-13T00:00:00.000+0000,121.26666666666665,0.02,0,3,1,2751,121.01,0.3416691666666667
2019-08-14T00:00:00.000+0000,0,0,0,0,0,0,0,0
2019-08-15T00:00:00.000+0000,0,0,0,0,1,0,0,0
2019-08-16T00:00:00.000+0000,33.4,6.93,0,1,1,8005,359.83,0.8123588888888889
2019-08-17T00:00:00.000+0000,0,0,0,0,0,0,0,0
2019-08-18T00:00:00.000+0000,40.266666666666666,0,0,1,1,4,6.17,0.08444388888888889
2019-08-19T00:00:00.000+0000,0,0,0,0,0,0,0,0
2019-08-20T00:00:00.000+0000,35.46666666666667,4.74,0,1,1,4305,458.89,0.8975161111111111
2019-08-21T00:00:00.000+0000,0,0,0,0,0,0,0,0
2019-08-22T00:00:00.000+0000,0,0,0,0,1,0,0,0
2019-08-23T00:00:00.000+0000,40.1,0,0,1,1,82,1.39,0.12341194444444445
2019-08-24T00:00:00.000+0000,0,0,0,0,0,0,0,0
2019-08-25T00:00:00.000+0000,138.16666666666666,21.97,0,4,1,76472,3940.5,5.9605525
2019-08-26T00:00:00.000+0000,0,0,0,0,0,0,0,0
2019-08-27T00:00:00.000+0000,0,0,0,0,1,0,0,0
2019-08-28T00:00:00.000+0000,0,0,0,0,1,0,0,0
2019-08-29T00:00:00.000+0000,519.7666666666667,118.71,0,15,1,1106548,65913.95,33.292411944444446
2019-08-30T00:00:00.000+0000,110.26666666666667,49.2,0,4,0,522842,29704.25,8.866425833333333
2019-08-31T00:00:00.000+0000,41.2,38.49,0,1,0,37567,2006.03,4.9030869444444445
2019-09-01T00:00:00.000+0000,0,0,0,0,0,0,0,0
2019-09-02T00:00:00.000+0000,0,0,0,0,1,0,0,0
2019-09-03T00:00:00.000+0000,0,0,0,0,1,0,0,0
2019-09-04T00:00:00.000+0000,0,0,0,0,1,0,0,0
2019-09-05T00:00:00.000+0000,96.80000000000001,22.19,0,3,1,61469,5168.28,4.524454444444444
2019-09-06T00:00:00.000+0000,39.63333333333333,0,0,1,0,179,45.21,0.38963805555555553
2019-09-07T00:00:00.000+0000,54.06666666666667,64.74,0,2,1,484331,18703.77,5.431751944444445
2019-09-08T00:00:00.000+0000,0,0,0,0,0,0,0,0
2019-09-09T00:00:00.000+0000,0,0,0,0,1,0,0,0
2019-09-10T00:00:00.000+0000,0,0,0,0,1,0,0,0
2019-09-11T00:00:00.000+0000,0,0,0,0,1,0,0,0
2019-09-12T00:00:00.000+0000,0,0,0,0,1,0,0,0
2019-09-13T00:00:00.000+0000,0,0,0,0,1,0,0,0
2019-09-14T00:00:00.000+0000,0,0,0,0,1,0,0,0
2019-09-15T00:00:00.000+0000,0,0,0,0,1,0,0,0
2019-09-16T00:00:00.000+0000,0,0,0,0,1,0,0,0
2019-09-17T00:00:00.000+0000,0,0,0,0,1,0,0,0
2019-09-18T00:00:00.000+0000,0,0,0,0,1,0,0,0
2019-09-19T00:00:00.000+0000,0,0,0,0,1,0,0,0
2019-09-20T00:00:00.000+0000,0,0,0,0,1,0,0,0
2019-09-21T00:00:00.000+0000,0,0,0,0,1,0,0,0
2019-09-22T00:00:00.000+0000,0,0,0,0,1,0,0,0
2019-09-23T00:00:00.000+0000,0,0,0,0,1,0,0,0
2019-09-24T00:00:00.000+0000,0,0,0,0,1,0,0,0
2019-09-25T00:00:00.000+0000,0,0,0,0,1,0,0,0
2019-09-26T00:00:00.000+0000,0,0,0,0,1,0,0,0
2019-09-27T00:00:00.000+0000,0,0,0,0,1,0,0,0
2019-09-28T00:00:00.000+0000,0,0,0,0,1,0,0,0
2019-09-29T00:00:00.000+0000,0,0,0,0,1,0,0,0
2019-09-30T00:00:00.000+0000,0,0,0,0,1,0,0,0
2019-10-01T00:00:00.000+0000,0,0,0,0,1,0,0,0
2019-10-02T00:00:00.000+0000,0,0,0,0,1,0,0,0
2019-10-03T00:00:00.000+0000,0,0,0,0,1,0,0,0
2019-10-04T00:00:00.000+0000,0,0,0,0,1,0,0,0
2019-10-05T00:00:00.000+0000,0,0,0,0,1,0,0,0
2019-10-06T00:00:00.000+0000,0,0,0,0,1,0,0,0
2019-10-07T00:00:00.000+0000,0,0,0,0,1,0,0,0
2019-10-08T00:00:00.000+0000,0,0,0,0,1,0,0,0
2019-10-09T00:00:00.000+0000,0,0,0,0,1,0,0,0
2019-10-10T00:00:00.000+0000,0,0,0,0,1,0,0,0
2019-10-11T00:00:00.000+0000,0,0,0,0,1,0,0,0
2019-10-12T00:00:00.000+0000,0,0,0,0,1,0,0,0
2019-10-13T00:00:00.000+0000,0,0,0,0,1,0,0,0
2019-10-14T00:00:00.000+0000,0,0,0,0,1,0,0,0
2019-10-15T00:00:00.000+0000,0,0,0,0,1,0,0,0
2019-10-16T00:00:00.000+0000,0,0,0,0,1,0,0,0
2019-10-17T00:00:00.000+0000,0,0,0,0,1,0,0,0
2019-10-18T00:00:00.000+0000,0,0,0,0,1,0,0,0
2019-10-19T00:00:00.000+0000,0,0,0,0,1,0,0,0
2019-10-20T00:00:00.000+0000,0,0,0,0,1,0,0,0
2019-10-21T00:00:00.000+0000,0,0,0,0,1,0,0,0
2019-10-22T00:00:00.000+0000,0,0,0,0,1,0,0,0
2019-10-23T00:00:00.000+0000,0,0,0,0,1,0,0,0
2019-10-24T00:00:00.000+0000,0,0,0,0,1,0,0,0
2019-10-25T00:00:00.000+0000,0,0,0,0,1,0,0,0
2019-10-26T00:00:00.000+0000,0,0,0,0,1,0,0,0
2019-10-27T00:00:00.000+0000,0,0,0,0,1,0,0,0
2019-10-28T00:00:00.000+0000,0,0,0,0,1,0,0,0
2019-10-29T00:00:00.000+0000,0,0,0,0,1,0,0,0
2019-10-30T00:00:00.000+0000,0,0,0,0,1,0,0,0
2019-10-31T00:00:00.000+0000,0,0,0,0,1,0,0,0
2019-11-01T00:00:00.000+0000,0,0,0,0,1,0,0,0
2019-11-02T00:00:00.000+0000,0,0,0,0,1,0,0,0
2019-11-03T00:00:00.000+0000,0,0,0,0,1,0,0,0
2019-11-04T00:00:00.000+0000,0,0,0,0,1,0,0,0
2019-11-05T00:00:00.000+0000,0,0,0,0,1,0,0,0
2019-11-06T00:00:00.000+0000,0,0,0,0,1,0,0,0
2019-11-07T00:00:00.000+0000,0,0,0,0,1,0,0,0
2019-11-08T00:00:00.000+0000,0,0,0,0,1,0,0,0
2019-11-09T00:00:00.000+0000,0,0,0,0,1,0,0,0
2019-11-10T00:00:00.000+0000,0,0,0,0,1,0,0,0
2019-11-11T00:00:00.000+0000,0,0,0,0,1,0,0,0
2019-11-12T00:00:00.000+0000,0,0,0,0,1,0,0,0
2019-11-13T00:00:00.000+0000,0,0,0,0,1,0,0,0
2019-11-14T00:00:00.000+0000,0,0,0,0,1,0,0,0
2019-11-15T00:00:00.000+0000,0,0,0,0,1,0,0,0
2019-11-16T00:00:00.000+0000,0,0,0,0,1,0,0,0
2019-11-17T00:00:00.000+0000,0,0,0,0,1,0,0,0
2019-11-18T00:00:00.000+0000,0,0,0,0,1,0,0,0
2019-11-19T00:00:00.000+0000,0,0,0,0,1,0,0,0
2019-11-20T00:00:00.000+0000,0,0,0,0,1,0,0,0
2019-11-21T00:00:00.000+0000,0,0,0,0,1,0,0,0
2019-11-22T00:00:00.000+0000,0,0,0,0,1,0,0,0
2019-11-23T00:00:00.000+0000,0,0,0,0,1,0,0,0
2019-11-24T00:00:00.000+0000,0,0,0,0,1,0,0,0
2019-11-25T00:00:00.000+0000,0,0,0,0,1,0,0,0
2019-11-26T00:00:00.000+0000,0,0,0,0,1,0,0,0
2019-11-27T00:00:00.000+0000,0,0,0,0,1,0,0,0
2019-11-28T00:00:00.000+0000,0,0,0,0,1,0,0,0
2019-11-29T00:00:00.000+0000,0,0,0,0,1,0,0,0
2019-11-30T00:00:00.000+0000,0,0,0,0,1,0,0,0
2019-12-01T00:00:00.000+0000,0,0,0,0,1,0,0,0
2019-12-02T00:00:00.000+0000,0,0,0,0,1,0,0,0
2019-12-03T00:00:00.000+0000,0,0,0,0,1,0,0,0
2019-12-04T00:00:00.000+0000,0,0,0,0,1,0,0,0
2019-12-05T00:00:00.000+0000,0,0,0,0,1,0,0,0
2019-12-06T00:00:00.000+0000,0,0,0,0,1,0,0,0
2019-12-07T00:00:00.000+0000,22.4,14.16,0,1,1,49215,3746.66,1.8122222222222222
2019-12-08T00:00:00.000+0000,0,0,0,0,0,0,0,0
2019-12-09T00:00:00.000+0000,0,0,0,0,1,0,0,0
2019-12-10T00:00:00.000+0000,0,0,0,0,1,0,0,0
2019-12-11T00:00:00.000+0000,0,0,0,0,1,0,0,0
2019-12-12T00:00:00.000+0000,0,0,0,0,1,0,0,0
2019-12-13T00:00:00.000+0000,0,0,0,0,1,0,0,0
2019-12-14T00:00:00.000+0000,35.3,1.04,0,1,1,18264,1019.89,1.4761111111111112
2019-12-15T00:00:00.000+0000,0,0,0,0,0,0,0,0
2019-12-16T00:00:00.000+0000,0,0,0,0,1,0,0,0
2019-12-17T00:00:00.000+0000,0,0,0,0,1,0,0,0
2019-12-18T00:00:00.000+0000,0,0,0,0,1,0,0,0
2019-12-19T00:00:00.000+0000,0,0,0,0,1,0,0,0
2019-12-20T00:00:00.000+0000,0,0,0,0,1,0,0,0
2019-12-21T00:00:00.000+0000,0,0,0,0,1,0,0,0
2019-12-22T00:00:00.000+0000,0,0,0,0,1,0,0,0
2019-12-23T00:00:00.000+0000,0,0,0,0,1,0,0,0
2019-12-24T00:00:00.000+0000,0,0,0,0,1,0,0,0
2019-12-25T00:00:00.000+0000,0,0,0,0,1,0,0,0
2019-12-26T00:00:00.000+0000,0,0,0,0,1,0,0,0
2019-12-27T00:00:00.000+0000,0,0,0,0,1,0,0,0
2019-12-28T00:00:00.000+0000,0,0,0,0,1,0,0,0
2019-12-29T00:00:00.000+0000,0,0,0,0,1,0,0,0
2019-12-30T00:00:00.000+0000,0,0,0,0,1,0,0,0
2019-12-31T00:00:00.000+0000,21.2,14.57,0,1,1,13478,762.37,1.0863888888888888
2020-01-01T00:00:00.000+0000,147.53333333333333,66.99,0,5,1,252523,17025.01,12.558870555555556
2020-01-02T00:00:00.000+0000,104.56666666666666,2.55,0,3,0,14893,874.01,2.7094441666666667
2020-01-03T00:00:00.000+0000,0.4,35.44,0,0,0,877163,41389.29,23.984444166666666
2020-01-04T00:00:00.000+0000,34.13333333333333,1.5,0,1,1,3054,153.79,1.2538886111111112
2020-01-05T00:00:00.000+0000,66.4,4.79,0,2,1,62691,4278.02,6.9813625
2020-01-06T00:00:00.000+0000,0,0,0,0,0,0,0,0
2020-01-07T00:00:00.000+0000,64.36666666666667,42.25,0,3,1,220057,13078.31,9.393820833333333
2020-01-08T00:00:00.000+0000,0,0,0,0,0,0,0,0
2020-01-09T00:00:00.000+0000,44.93333333333334,26,0,2,1,69408,3970.65,2.635651666666667
2020-01-10T00:00:00.000+0000,283.7,141.54,0,9,1,2724294,173323.46,26.3657525
2020-01-11T00:00:00.000+0000,116,60.99,0,5,0,1547632,92183.91,26.28166944444444
2020-01-12T00:00:00.000+0000,96.4,9.69,0,3,0,43598,2229.34,2.577222222222222
2020-01-13T00:00:00.000+0000,143.63333333333335,33.03,0,5,1,95991,4711.24,15.198099444444445
2020-01-14T00:00:00.000+0000,14.366666666666667,20.94,0,1,0,59838,3122.14,1.6308333333333334
2020-01-15T00:00:00.000+0000,69.53333333333333,0.99,0,2,1,4889,597.84,0.8317447222222223
2020-01-16T00:00:00.000+0000,0,0,0,0,0,0,0,0
2020-01-17T00:00:00.000+0000,0,0,0,0,1,0,0,0
2020-01-18T00:00:00.000+0000,31.133333333333333,4.03,0,1,1,97848,9394.98,3.0986077777777776
2020-01-19T00:00:00.000+0000,57.63333333333333,12.65,0,2,1,94419,5579.75,3.1211808333333337
2020-01-20T00:00:00.000+0000,33.36666666666667,1.73,0,1,0,37393,1817.16,1.7430555555555556
2020-01-21T00:00:00.000+0000,33.1,1.96,0,1,1,911,42.49,0.2980555555555556
2020-01-22T00:00:00.000+0000,0,0,0,0,0,0,0,0
2020-01-23T00:00:00.000+0000,0,0,0,0,1,0,0,0
2020-01-24T00:00:00.000+0000,34.86666666666667,0.1,0,1,1,276,6.58,0.048570833333333334
2020-01-25T00:00:00.000+0000,0,0,0,0,0,0,0,0
2020-01-26T00:00:00.000+0000,0,0,0,0,1,0,0,0
2020-01-27T00:00:00.000+0000,0,0,0,0,1,0,0,0
2020-01-28T00:00:00.000+0000,0,0,0,0,1,0,0,0
2020-01-29T00:00:00.000+0000,0,0,0,0,1,0,0,0
2020-01-30T00:00:00.000+0000,0,0,0,0,1,0,0,0
2020-01-31T00:00:00.000+0000,0,0,0,0,1,0,0,0
2020-02-01T00:00:00.000+0000,28.866666666666667,5.84,0,1,1,2106,219.46,0.46555555555555556
2020-02-02T00:00:00.000+0000,0,0,0,0,0,0,0,0
2020-02-03T00:00:00.000+0000,25.766666666666666,8.87,0,1,1,1798,73.37,0.18833333333333332
2020-02-04T00:00:00.000+0000,0,0,0,0,0,0,0,0
2020-02-05T00:00:00.000+0000,0,0,0,0,1,0,0,0
2020-02-06T00:00:00.000+0000,0,0,0,0,1,0,0,0
2020-02-07T00:00:00.000+0000,25.866666666666667,8.64,0,1,1,11080,722.62,1.3868066666666667
2020-02-08T00:00:00.000+0000,34.46666666666667,0,0,1,1,104,1.82,0.012777777777777779
2020-02-09T00:00:00.000+0000,34.333333333333336,0.11,0,1,1,8009,532.96,1.1052777777777778
2020-02-10T00:00:00.000+0000,25.8,8.6,0,1,1,76768,7820.91,4.8686058333333335
2020-02-11T00:00:00.000+0000,0,0,0,0,0,0,0,0
2020-02-12T00:00:00.000+0000,0,0,0,0,1,0,0,0
2020-02-13T00:00:00.000+0000,0,0,0,0,1,0,0,0
2020-02-14T00:00:00.000+0000,0,0,0,0,1,0,0,0
2020-02-15T00:00:00.000+0000,0,0,0,0,1,0,0,0
2020-02-16T00:00:00.000+0000,0,0,0,0,1,0,0,0
2020-02-17T00:00:00.000+0000,0,0,0,0,1,0,0,0
2020-02-18T00:00:00.000+0000,0,0,0,0,1,0,0,0
2020-02-19T00:00:00.000+0000,34.1,0,0,1,1,84,0.07,0.06860027777777777
2020-02-20T00:00:00.000+0000,0,0,0,0,0,0,0,0
2020-02-21T00:00:00.000+0000,0,0,0,0,1,0,0,0
2020-02-22T00:00:00.000+0000,0,0,0,0,1,0,0,0
2020-02-23T00:00:00.000+0000,0,0,0,0,1,0,0,0
2020-02-24T00:00:00.000+0000,0,0,0,0,1,0,0,0
2020-02-25T00:00:00.000+0000,0,0,0,0,1,0,0,0
2020-02-26T00:00:00.000+0000,0,0,0,0,1,0,0,0
2020-02-27T00:00:00.000+0000,26.3,7.55,0,1,1,203,2.9,0.27999416666666666
2020-02-28T00:00:00.000+0000,0,0,0,0,0,0,0,0
2020-02-29T00:00:00.000+0000,0,0,0,0,1,0,0,0
2020-03-01T00:00:00.000+0000,0,0,0,0,1,0,0,0
2020-03-02T00:00:00.000+0000,20.6,13.11,0,1,1,28827,1567.74,1.345
2020-03-03T00:00:00.000+0000,0,0,0,0,0,0,0,0
2020-03-04T00:00:00.000+0000,0,0,0,0,1,0,0,0
2020-03-05T00:00:00.000+0000,0,0,0,0,1,0,0,0
2020-03-06T00:00:00.000+0000,0,0,0,0,1,0,0,0
2020-03-07T00:00:00.000+0000,0,0,0,0,1,0,0,0
2020-03-08T00:00:00.000+0000,0,0,0,0,1,0,0,0
2020-03-09T00:00:00.000+0000,0,0,0,0,1,0,0,0
2020-03-10T00:00:00.000+0000,0,0,0,0,1,0,0,0
2020-03-11T00:00:00.000+0000,0,0,0,0,1,0,0,0
2020-03-12T00:00:00.000+0000,0,0,0,0,1,0,0,0
2020-03-13T00:00:00.000+0000,0,0,0,0,1,0,0,0
2020-03-14T00:00:00.000+0000,0,0,0,0,1,0,0,0
2020-03-15T00:00:00.000+0000,11.633333333333333,21.64,0,1,1,632,23.29,0.24808083333333333
2020-03-16T00:00:00.000+0000,29.166666666666668,4.08,0,1,1,25463,1878.74,2.4141869444444444
2020-03-17T00:00:00.000+0000,33.2,0,1,1,1,285,4.85,0.3650730555555556
2020-03-18T00:00:00.000+0000,0,0,0,0,0,0,0,0
2020-03-19T00:00:00.000+0000,0,0,0,0,1,0,0,0
2020-03-20T00:00:00.000+0000,0,0,0,0,1,0,0,0
2020-03-21T00:00:00.000+0000,0,0,0,0,1,0,0,0
2020-03-22T00:00:00.000+0000,0,0,0,0,1,0,0,0
2020-03-23T00:00:00.000+0000,0,0,0,0,1,0,0,0
2020-03-24T00:00:00.000+0000,0,0,0,0,1,0,0,0
2020-03-25T00:00:00.000+0000,0,0,0,0,1,0,0,0
2020-03-26T00:00:00.000+0000,0,0,0,0,1,0,0,0
2020-03-27T00:00:00.000+0000,0,0,0,0,1,0,0,0
2020-03-28T00:00:00.000+0000,0,0,0,0,1,0,0,0
2020-03-29T00:00:00.000+0000,0,0,0,0,1,0,0,0
2020-03-30T00:00:00.000+0000,0,0,0,0,1,0,0,0
2020-03-31T00:00:00.000+0000,0,0,0,0,1,0,0,0
2020-04-01T00:00:00.000+0000,0,0,0,0,1,0,0,0
2020-04-02T00:00:00.000+0000,0,0,0,0,1,0,0,0
2020-04-03T00:00:00.000+0000,0,0,0,0,1,0,0,0
2020-04-04T00:00:00.000+0000,0,0,0,0,1,0,0,0
2020-04-05T00:00:00.000+0000,0,0,0,0,1,0,0,0
2020-04-06T00:00:00.000+0000,0,0,0,0,1,0,0,0
2020-04-07T00:00:00.000+0000,0,0,0,0,1,0,0,0
2020-04-08T00:00:00.000+0000,0,0,0,0,1,0,0,0
2020-04-09T00:00:00.000+0000,0,0,0,0,1,0,0,0
2020-04-10T00:00:00.000+0000,0,0,0,0,1,0,0,0
2020-04-11T00:00:00.000+0000,0,0,0,0,1,0,0,0
2020-04-12T00:00:00.000+0000,0,0,0,0,1,0,0,0
2020-04-13T00:00:00.000+0000,0,0,0,0,1,0,0,0
2020-04-14T00:00:00.000+0000,0,0,0,0,1,0,0,0
2020-04-15T00:00:00.000+0000,0,0,0,0,1,0,0,0
2020-04-16T00:00:00.000+0000,0,0,0,0,1,0,0,0
2020-04-17T00:00:00.000+0000,0,0,0,0,1,0,0,0
2020-04-18T00:00:00.000+0000,0,0,0,0,1,0,0,0
2020-04-19T00:00:00.000+0000,0,0,0,0,1,0,0,0
2020-04-20T00:00:00.000+0000,0,0,0,0,1,0,0,0
2020-04-21T00:00:00.000+0000,0,0,0,0,1,0,0,0
2020-04-22T00:00:00.000+0000,0,0,0,0,1,0,0,0
2020-04-23T00:00:00.000+0000,0,0,0,0,1,0,0,0
2020-04-24T00:00:00.000+0000,0,0,0,0,1,0,0,0
2020-04-25T00:00:00.000+0000,0,0,0,0,1,0,0,0
2020-04-26T00:00:00.000+0000,0,0,0,0,1,0,0,0
2020-04-27T00:00:00.000+0000,26.2,5.62,1,1,1,6399,485.76,0.37472222222222223
2020-04-28T00:00:00.000+0000,0,0,0,0,0,0,0,0
2020-04-29T00:00:00.000+0000,0,0,0,0,1,0,0,0
2020-04-30T00:00:00.000+0000,0,0,0,0,1,0,0,0
2020-05-01T00:00:00.000+0000,0,0,0,0,1,0,0,0
2020-05-02T00:00:00.000+0000,0,0,0,0,1,0,0,0
2020-05-03T00:00:00.000+0000,0,0,0,0,1,0,0,0
2020-05-04T00:00:00.000+0000,0,0,0,0,1,0,0,0
2020-05-05T00:00:00.000+0000,0,0,0,0,1,0,0,0
2020-05-06T00:00:00.000+0000,0,0,0,0,1,0,0,0
2020-05-07T00:00:00.000+0000,0,0,0,0,1,0,0,0
2020-05-08T00:00:00.000+0000,0,0,0,0,1,0,0,0
2020-05-09T00:00:00.000+0000,0,0,0,0,1,0,0,0
2020-05-10T00:00:00.000+0000,0,0,0,0,1,0,0,0
2020-05-11T00:00:00.000+0000,0,0,0,0,1,0,0,0
2020-05-12T00:00:00.000+0000,0,0,0,0,1,0,0,0
2020-05-13T00:00:00.000+0000,0,0,0,0,1,0,0,0
2020-05-14T00:00:00.000+0000,0,0,0,0,1,0,0,0
2020-05-15T00:00:00.000+0000,0,0,0,0,1,0,0,0
2020-05-16T00:00:00.000+0000,0,0,0,0,1,0,0,0
2020-05-17T00:00:00.000+0000,0,0,0,0,1,0,0,0
2020-05-18T00:00:00.000+0000,0,0,0,0,1,0,0,0
2020-05-19T00:00:00.000+0000,0,0,0,0,1,0,0,0
2020-05-20T00:00:00.000+0000,0,0,0,0,1,0,0,0
2020-05-21T00:00:00.000+0000,0,0,0,0,1,0,0,0
2020-05-22T00:00:00.000+0000,0,0,0,0,1,0,0,0
2020-05-23T00:00:00.000+0000,0,0,0,0,1,0,0,0
2020-05-24T00:00:00.000+0000,0,0,0,0,1,0,0,0
2020-05-25T00:00:00.000+0000,0,0,0,0,1,0,0,0
2020-05-26T00:00:00.000+0000,0,0,0,0,1,0,0,0
2020-05-27T00:00:00.000+0000,0,0,0,0,1,0,0,0
2020-05-28T00:00:00.000+0000,0,0,0,0,1,0,0,0
2020-05-29T00:00:00.000+0000,0,0,0,0,1,0,0,0
2020-05-30T00:00:00.000+0000,0,0,0,0,1,0,0,0
2020-05-31T00:00:00.000+0000,0,0,0,0,1,0,0,0
2020-06-01T00:00:00.000+0000,0,0,0,0,1,0,0,0
2020-06-02T00:00:00.000+0000,0,0,0,0,1,0,0,0
2020-06-03T00:00:00.000+0000,0,0,0,0,1,0,0,0
2020-06-04T00:00:00.000+0000,27.766666666666666,2.8,0,1,1,16634,1350.15,2.0716666666666668
2020-06-05T00:00:00.000+0000,0,0,0,0,0,0,0,0
2020-06-06T00:00:00.000+0000,0,0,0,0,1,0,0,0
2020-06-07T00:00:00.000+0000,0,0,0,0,1,0,0,0
2020-06-08T00:00:00.000+0000,0,0,0,0,1,0,0,0
2020-06-09T00:00:00.000+0000,0,0,0,0,1,0,0,0
2020-06-10T00:00:00.000+0000,0,0,0,0,1,0,0,0
2020-06-11T00:00:00.000+0000,0,0,0,0,1,0,0,0
2020-06-12T00:00:00.000+0000,0,0,0,0,1,0,0,0
2020-06-13T00:00:00.000+0000,0,0,0,0,1,0,0,0
2020-06-14T00:00:00.000+0000,0,0,0,0,1,0,0,0
2020-06-15T00:00:00.000+0000,30.2,0,0,1,1,1896,255.06,1.2447225
2020-06-16T00:00:00.000+0000,0,0,0,0,0,0,0,0
2020-06-17T00:00:00.000+0000,0,0,0,0,1,0,0,0
2020-06-18T00:00:00.000+0000,0,0,0,0,1,0,0,0
2020-06-19T00:00:00.000+0000,0,0,0,0,1,0,0,0
2020-06-20T00:00:00.000+0000,0,0,0,0,1,0,0,0
2020-06-21T00:00:00.000+0000,0,0,0,0,1,0,0,0
2020-06-22T00:00:00.000+0000,29.966666666666665,0,0,1,1,27,0.4,0.0030555555555555557
2020-06-23T00:00:00.000+0000,0,0,0,0,0,0,0,0
2020-06-24T00:00:00.000+0000,0,0,0,0,1,0,0,0
2020-06-25T00:00:00.000+0000,0,0,0,0,1,0,0,0
2020-06-26T00:00:00.000+0000,29.833333333333332,0.01,0,1,1,429,18.92,0.1669238888888889
2020-06-27T00:00:00.000+0000,0,0,0,0,0,0,0,0
2020-06-28T00:00:00.000+0000,0,0,0,0,1,0,0,0
2020-06-29T00:00:00.000+0000,0,0,0,0,1,0,0,0
2020-06-30T00:00:00.000+0000,0,0,0,0,1,0,0,0
2020-07-01T00:00:00.000+0000,0,0,0,0,1,0,0,0
2020-07-02T00:00:00.000+0000,0,0,0,0,1,0,0,0
2020-07-03T00:00:00.000+0000,28.466666666666665,1.12,0,1,1,68409,5412.47,2.4169444444444443
2020-07-04T00:00:00.000+0000,0,0,0,0,0,0,0,0
2020-07-05T00:00:00.000+0000,0,0,0,0,1,0,0,0
2020-07-06T00:00:00.000+0000,29.2,0.3,0,1,1,8432,400.15,1.0252777777777777
2020-07-07T00:00:00.000+0000,73.83333333333333,14.56,0,3,1,335173,23449.75,5.803325
2020-07-08T00:00:00.000+0000,58.599999999999994,0.27,0,2,0,7722,943.91,4.646387222222223
2020-07-09T00:00:00.000+0000,129.46666666666667,17.54,0,5,1,681938,56591.2,22.132416388888892
2020-07-10T00:00:00.000+0000,558.7666666666667,28.57,0,20,1,763184,38953.25,38.800574166666664
2020-07-11T00:00:00.000+0000,259.46666666666664,4.55,0,9,0,133060,11909.65,16.193765833333334
2020-07-12T00:00:00.000+0000,144.56666666666666,1.92,0,5,0,21214,1028.48,2.919166944444444
2020-07-13T00:00:00.000+0000,112.5,4.6,0,4,0,18500,940.85,1.4629666666666667
2020-07-14T00:00:00.000+0000,86.36666666666667,1.34,0,3,0,26861,1536.37,1.8920733333333333
2020-07-15T00:00:00.000+0000,134.23333333333335,11.78,0,5,1,215124,13191.46,9.976389722222223
2020-07-16T00:00:00.000+0000,241.4,50.29,0,9,1,311846,16948.36,11.759473888888888
2020-07-17T00:00:00.000+0000,203.9,58.29,0,8,0,978532,51859.63,16.57708472222222
2020-07-18T00:00:00.000+0000,109.70000000000002,6.72,0,4,0,21857,2033.48,5.436388611111111
2020-07-19T00:00:00.000+0000,28.6,0.48,0,1,0,21806,2878.48,2.060825
2020-07-20T00:00:00.000+0000,69.23333333333333,17.88,0,3,1,45503,2374.03,6.392777777777778
2020-07-21T00:00:00.000+0000,29,0,0,1,0,2585,121.89,0.8119444444444445
2020-07-22T00:00:00.000+0000,70.53333333333333,16.37,0,3,1,154688,8829.85,5.706388888888888
2020-07-23T00:00:00.000+0000,28.933333333333334,0,0,1,0,4965,301.56,1.0733333333333333
2020-07-24T00:00:00.000+0000,37.43333333333333,20.36,0,2,1,476,9.55,0.19304361111111112
2020-07-25T00:00:00.000+0000,25.966666666666665,2.9,0,1,0,3041,73.77,0.9358333333333333
2020-07-26T00:00:00.000+0000,0,0,0,0,0,0,0,0
2020-07-27T00:00:00.000+0000,0,0,0,0,1,0,0,0
2020-07-28T00:00:00.000+0000,28.766666666666666,0,0,1,1,75,0.9,0.009166666666666667
2020-07-29T00:00:00.000+0000,33.6,23.88,0,2,1,512649,40080.06,17.69732722222222
2020-07-30T00:00:00.000+0000,25.833333333333332,2.86,0,1,0,56596,3367.13,2.6166666666666667
2020-07-31T00:00:00.000+0000,28.666666666666668,0,0,1,1,18,0.18,0.0027780555555555557
2020-08-01T00:00:00.000+0000,28.633333333333333,0,0,1,1,128,5.86,0.28833333333333333
2020-08-02T00:00:00.000+0000,28.6,0,0,1,1,2913,179.11,0.5744447222222222
2020-08-03T00:00:00.000+0000,0,0,0,0,0,0,0,0
2020-08-04T00:00:00.000+0000,0,0,0,0,1,0,0,0
2020-08-05T00:00:00.000+0000,0,0,0,0,1,0,0,0
2020-08-06T00:00:00.000+0000,0,0,0,0,1,0,0,0
2020-08-07T00:00:00.000+0000,0,0,0,0,1,0,0,0
2020-08-08T00:00:00.000+0000,0,0,0,0,1,0,0,0
2020-08-09T00:00:00.000+0000,0,0,0,0,1,0,0,0
2020-08-10T00:00:00.000+0000,0,0,0,0,1,0,0,0
2020-08-11T00:00:00.000+0000,0,0,0,0,1,0,0,0
2020-08-12T00:00:00.000+0000,56.43333333333334,0.1,0,2,1,637,57.82,0.8005552777777778
2020-08-13T00:00:00.000+0000,66.46666666666667,46.77,0,3,1,108107,8029.15,5.394446944444445
2020-08-14T00:00:00.000+0000,0,0,0,0,0,0,0,0
2020-08-15T00:00:00.000+0000,0,0,0,0,1,0,0,0
2020-08-16T00:00:00.000+0000,0,0,0,0,1,0,0,0
2020-08-17T00:00:00.000+0000,28.1,0.02,0,1,1,2713,143.92,0.4247222222222222
2020-08-18T00:00:00.000+0000,43.63333333333333,12.48,0,2,1,62880,3536.22,1.3794444444444445
2020-08-19T00:00:00.000+0000,28.033333333333335,0,0,1,0,1198,30.99,1.1894255555555555
2020-08-20T00:00:00.000+0000,26.866666666666667,1.13,0,1,1,4079,223.03,0.8215169444444445
2020-08-21T00:00:00.000+0000,26.966666666666665,1,0,1,1,479,25.45,0.5130555555555556
2020-08-22T00:00:00.000+0000,0,0,0,0,0,0,0,0
2020-08-23T00:00:00.000+0000,0,0,0,0,1,0,0,0
2020-08-24T00:00:00.000+0000,0,0,0,0,1,0,0,0
2020-08-25T00:00:00.000+0000,0,0,0,0,1,0,0,0
2020-08-26T00:00:00.000+0000,0,0,0,0,1,0,0,0
2020-08-27T00:00:00.000+0000,0,0,0,0,1,0,0,0
2020-08-28T00:00:00.000+0000,0,0,0,0,1,0,0,0
2020-08-29T00:00:00.000+0000,27.7,0,0,1,1,290,21.1,0.1502777777777778
2020-08-30T00:00:00.000+0000,0,0,0,0,0,0,0,0
2020-08-31T00:00:00.000+0000,0,0,0,0,1,0,0,0
2020-09-01T00:00:00.000+0000,0,0,0,0,1,0,0,0
2020-09-02T00:00:00.000+0000,0,0,0,0,1,0,0,0
2020-09-03T00:00:00.000+0000,0,0,0,0,1,0,0,0
2020-09-04T00:00:00.000+0000,0,0,0,0,1,0,0,0
2020-09-05T00:00:00.000+0000,0,0,0,0,1,0,0,0
2020-09-06T00:00:00.000+0000,0,0,0,0,1,0,0,0
2020-09-07T00:00:00.000+0000,0,0,0,0,1,0,0,0
2020-09-08T00:00:00.000+0000,0,0,0,0,1,0,0,0
2020-09-09T00:00:00.000+0000,0,0,0,0,1,0,0,0
2020-09-10T00:00:00.000+0000,0,0,0,0,1,0,0,0
2020-09-11T00:00:00.000+0000,0,0,0,0,1,0,0,0
2020-09-12T00:00:00.000+0000,0,0,0,0,1,0,0,0
2020-09-13T00:00:00.000+0000,0,0,0,0,1,0,0,0
2020-09-14T00:00:00.000+0000,0,0,0,0,1,0,0,0
2020-09-15T00:00:00.000+0000,0,0,0,0,1,0,0,0
2020-09-16T00:00:00.000+0000,0,0,0,0,1,0,0,0
2020-09-17T00:00:00.000+0000,117.73333333333333,17.59,0,5,1,155436,10102.18,5.929463333333333
2020-09-18T00:00:00.000+0000,834.3666666666666,138.85,0,34,1,2056246,139137.69,113.70500222222222
2020-09-19T00:00:00.000+0000,517.7666666666665,22.29,0,20,0,120717,12179.01,25.11380888888889
2020-09-20T00:00:00.000+0000,221.20000000000002,75.69,0,10,0,1235813,51555.74,45.28929805555555
2020-09-21T00:00:00.000+0000,282.4666666666667,94.72,0,13,1,326826,17728.68,20.65203916666667
2020-09-22T00:00:00.000+0000,226.9,15.2,0,9,0,166211,10109.9,11.90305222222222
2020-09-23T00:00:00.000+0000,155.63333333333335,5.59,0,6,0,68359,5443.68,9.240796666666666
2020-09-24T00:00:00.000+0000,85.46666666666667,21.88,0,4,0,4363,268.66,1.5832952777777778
2020-09-25T00:00:00.000+0000,37.666666666666664,15.93,0,2,0,44391,2798.45,1.81246
2020-09-26T00:00:00.000+0000,84.73333333333333,22.34,0,4,1,496779,22899.94,12.471103333333334
2020-09-27T00:00:00.000+0000,25.7,1.03,0,1,0,2493,466.85,1.2660988888888889
2020-09-28T00:00:00.000+0000,56.733333333333334,23.37,0,3,1,354455,24555.57,15.54083722222222
2020-09-29T00:00:00.000+0000,53.3,0.04,0,2,0,1790,267.58,0.9908327777777778
2020-09-30T00:00:00.000+0000,110.20000000000002,23,0,5,1,293477,18324.76,28.952786666666665
2020-10-01T00:00:00.000+0000,0,0,0,0,0,0,0,0
2020-10-02T00:00:00.000+0000,26.5,0.07,0,1,1,5695,442.86,2.7280555555555557
2020-10-03T00:00:00.000+0000,0,0,0,0,0,0,0,0
2020-10-04T00:00:00.000+0000,0,0,0,0,1,0,0,0
2020-10-05T00:00:00.000+0000,0,0,0,0,1,0,0,0
2020-10-06T00:00:00.000+0000,46.93333333333334,5.94,0,2,1,17370,853.13,4.349444444444444
2020-10-07T00:00:00.000+0000,16.3,10.1,0,1,0,6622,368.55,1.0425
2020-10-08T00:00:00.000+0000,10.933333333333334,15.44,0,1,1,133512,21448.51,1.5666666666666667
2020-10-09T00:00:00.000+0000,163.13333333333335,21.18,0,7,1,103283,8663.71,15.04029361111111
2020-10-10T00:00:00.000+0000,129.1,28.7,0,6,0,263737,15163.1,8.307497777777776
2020-10-11T00:00:00.000+0000,64.46666666666667,14.33,0,3,0,189947,11875.81,5.577777777777778
2020-10-12T00:00:00.000+0000,180.23333333333335,55.9,0,9,1,112417,9627.65,14.982580833333335
2020-10-13T00:00:00.000+0000,21.466666666666665,4.75,0,1,0,32776,1746.85,0.6830555555555555
2020-10-14T00:00:00.000+0000,26.166666666666668,0,0,1,1,23,1.77,0.002777777777777778
2020-10-15T00:00:00.000+0000,39.9,12.37,0,2,1,3714,202.7,0.7180555555555556
2020-10-16T00:00:00.000+0000,0,0,0,0,0,0,0,0
2020-10-17T00:00:00.000+0000,26.066666666666666,0,0,1,1,401,0.27,0.1575
2020-10-18T00:00:00.000+0000,26.033333333333335,0,0,1,1,143,3.11,0.09944527777777777
2020-10-19T00:00:00.000+0000,142.63333333333333,13.37,0,6,1,122029,7846.67,6.583266666666667
2020-10-20T00:00:00.000+0000,24.866666666666667,27.05,0,1,0,55868,4497.62,3.5733308333333333
2020-10-21T00:00:00.000+0000,51.233333333333334,0.63,0,2,1,1635,87.38,0.7629836111111111
2020-10-22T00:00:00.000+0000,0,0,0,0,0,0,0,0
2020-10-23T00:00:00.000+0000,0,0,0,0,1,0,0,0
2020-10-24T00:00:00.000+0000,0,0,0,0,1,0,0,0
2020-10-25T00:00:00.000+0000,0,0,0,0,1,0,0,0
2020-10-26T00:00:00.000+0000,0,0,0,0,1,0,0,0
2020-10-27T00:00:00.000+0000,50.233333333333334,1.25,0,2,1,5209,295.57,1.3191666666666668
2020-10-28T00:00:00.000+0000,9.566666666666666,16.14,0,1,0,317992,19338.27,19.391102222222223
2020-10-29T00:00:00.000+0000,0,0,0,0,0,0,0,0
2020-10-30T00:00:00.000+0000,0,0,0,0,1,0,0,0
2020-10-31T00:00:00.000+0000,19.8,5.8,1,1,1,6293,432.66,1.2358333333333333
2020-11-01T00:00:00.000+0000,0,0,0,0,0,0,0,0
2020-11-02T00:00:00.000+0000,37.43333333333334,13.63,1,2,1,20163,1522.26,3.5663888888888886
2020-11-03T00:00:00.000+0000,0,0,0,0,0,0,0,0
2020-11-04T00:00:00.000+0000,0,0,0,0,1,0,0,0
2020-11-05T00:00:00.000+0000,0,0,0,0,1,0,0,0
2020-11-06T00:00:00.000+0000,0,0,0,0,1,0,0,0
2020-11-07T00:00:00.000+0000,0,0,0,0,1,0,0,0
2020-11-08T00:00:00.000+0000,0,0,0,0,1,0,0,0
2020-11-09T00:00:00.000+0000,0,0,0,0,1,0,0,0
2020-11-10T00:00:00.000+0000,0.43333333333333335,25.05,1,0,1,340287,25836.33,13.105555833333334
2020-11-11T00:00:00.000+0000,0,0,0,0,0,0,0,0
2020-11-12T00:00:00.000+0000,0,0,0,0,1,0,0,0
2020-11-13T00:00:00.000+0000,0,0,0,0,1,0,0,0
2020-11-14T00:00:00.000+0000,24.733333333333334,0.39,1,1,1,4448,256.22,1.0933325
2020-11-15T00:00:00.000+0000,0,0,0,0,0,0,0,0
2020-11-16T00:00:00.000+0000,0,0,0,0,1,0,0,0
2020-11-17T00:00:00.000+0000,0,0,0,0,1,0,0,0
2020-11-18T00:00:00.000+0000,23.133333333333333,1.88,1,1,1,160332,11241.81,2.7827777777777776
2020-11-19T00:00:00.000+0000,0,0,0,0,0,0,0,0
2020-11-20T00:00:00.000+0000,0,0,0,0,1,0,0,0
2020-11-21T00:00:00.000+0000,0,0,0,0,1,0,0,0
2020-11-22T00:00:00.000+0000,0,0,0,0,1,0,0,0
2020-11-23T00:00:00.000+0000,0,0,0,0,1,0,0,0
2020-11-24T00:00:00.000+0000,0,0,0,0,1,0,0,0
2020-11-25T00:00:00.000+0000,23.566666666666666,1.21,1,1,1,16420,1137.45,0.8280558333333333
2020-11-26T00:00:00.000+0000,0,0,0,0,0,0,0,0
2020-11-27T00:00:00.000+0000,0,0,0,0,1,0,0,0
2020-11-28T00:00:00.000+0000,24.666666666666668,0,1,1,1,804,54.84,0.27166666666666667
2020-11-29T00:00:00.000+0000,0,0,0,0,0,0,0,0
2020-11-30T00:00:00.000+0000,0,0,0,0,1,0,0,0
2020-12-01T00:00:00.000+0000,0,0,0,0,1,0,0,0
2020-12-02T00:00:00.000+0000,0,0,0,0,1,0,0,0
2020-12-03T00:00:00.000+0000,12.266666666666667,12.24,1,1,1,1204,90.24,0.31805555555555554
2020-12-04T00:00:00.000+0000,0,0,0,0,0,0,0,0
2020-12-05T00:00:00.000+0000,0,0,0,0,1,0,0,0
2020-12-06T00:00:00.000+0000,0,0,0,0,1,0,0,0
2020-12-07T00:00:00.000+0000,0,0,0,0,1,0,0,0
2020-12-08T00:00:00.000+0000,24.333333333333332,0.01,1,1,1,3147,142.15,0.6933333333333334
2020-12-09T00:00:00.000+0000,0,0,0,0,0,0,0,0
2020-12-10T00:00:00.000+0000,0,0,0,0,1,0,0,0
2020-12-11T00:00:00.000+0000,0,0,0,0,1,0,0,0
2020-12-12T00:00:00.000+0000,0,0,0,0,1,0,0,0
2020-12-13T00:00:00.000+0000,0,0,0,0,1,0,0,0
2020-12-14T00:00:00.000+0000,0.6333333333333333,23.53,1,0,1,442,23.52,0.17873083333333334
2020-12-15T00:00:00.000+0000,0,0,0,0,0,0,0,0
2020-12-16T00:00:00.000+0000,0,0,0,0,1,0,0,0
2020-12-17T00:00:00.000+0000,0,0,0,0,1,0,0,0
2020-12-18T00:00:00.000+0000,0,0,0,0,1,0,0,0
2020-12-19T00:00:00.000+0000,0,0,0,0,1,0,0,0
2020-12-20T00:00:00.000+0000,0,0,0,0,1,0,0,0
2020-12-21T00:00:00.000+0000,0,0,0,0,1,0,0,0
2020-12-22T00:00:00.000+0000,23.866666666666667,0,0,1,1,34,2.98,0.15666666666666668
2020-12-23T00:00:00.000+0000,0,0,0,0,0,0,0,0
2020-12-24T00:00:00.000+0000,0,0,0,0,1,0,0,0
2020-12-25T00:00:00.000+0000,0,0,0,0,1,0,0,0
2020-12-26T00:00:00.000+0000,23.633333333333333,0.11,0,1,1,7048,826.78,2.3858333333333333
2020-12-27T00:00:00.000+0000,0,0,0,0,0,0,0,0
2020-12-28T00:00:00.000+0000,9.533333333333333,14.13,0,1,1,20604,1299.09,1.5875
2020-12-29T00:00:00.000+0000,0,0,0,0,0,0,0,0
2020-12-30T00:00:00.000+0000,0,0,0,0,1,0,0,0
2020-12-31T00:00:00.000+0000,0,0,0,0,1,0,0,0
2021-01-01T00:00:00.000+0000,0,0,0,0,1,0,0,0
2021-01-02T00:00:00.000+0000,0,0,0,0,1,0,0,0
2021-01-03T00:00:00.000+0000,23.433333333333334,0.03,0,1,1,641,83.94,3.8805605555555553
2021-01-04T00:00:00.000+0000,0,0,0,0,0,0,0,0
2021-01-05T00:00:00.000+0000,0,0,0,0,1,0,0,0
2021-01-06T00:00:00.000+0000,0,0,0,0,1,0,0,0
2021-01-07T00:00:00.000+0000,0,0,0,0,1,0,0,0
2021-01-08T00:00:00.000+0000,0,0,0,0,1,0,0,0
2021-01-09T00:00:00.000+0000,20.733333333333334,2.53,0,1,1,90588,5667.49,3.9227780555555554
2021-01-10T00:00:00.000+0000,0,0,0,0,0,0,0,0
2021-01-11T00:00:00.000+0000,23.066666666666666,0.13,0,1,1,5269,339.56,9.543873333333334
2021-01-12T00:00:00.000+0000,46.333333333333336,0,0,2,1,779,19.97,0.35736111111111113
2021-01-13T00:00:00.000+0000,0,0,0,0,0,0,0,0
2021-01-14T00:00:00.000+0000,0,0,0,0,1,0,0,0
2021-01-15T00:00:00.000+0000,0,0,0,0,1,0,0,0
2021-01-16T00:00:00.000+0000,0,0,0,0,1,0,0,0
2021-01-17T00:00:00.000+0000,0,0,0,0,1,0,0,0
2021-01-18T00:00:00.000+0000,22.9,0.07,0,1,1,2163,64.89,1.2830408333333334
2021-01-19T00:00:00.000+0000,20.966666666666665,1.97,0,1,1,989,64.81,0.5627777777777778
2021-01-20T00:00:00.000+0000,0,0,0,0,0,0,0,0
2021-01-21T00:00:00.000+0000,0,0,0,0,1,0,0,0
2021-01-22T00:00:00.000+0000,0,0,0,0,1,0,0,0
2021-01-23T00:00:00.000+0000,0,0,0,0,1,0,0,0
2021-01-24T00:00:00.000+0000,0,0,0,0,1,0,0,0
2021-01-25T00:00:00.000+0000,0,0,0,0,1,0,0,0
2021-01-26T00:00:00.000+0000,22.333333333333332,0.37,0,1,1,2302,118.16,0.22472194444444443
2021-01-27T00:00:00.000+0000,0,0,0,0,0,0,0,0
2021-01-28T00:00:00.000+0000,0,0,0,0,1,0,0,0
2021-01-29T00:00:00.000+0000,0,0,0,0,1,0,0,0
2021-01-30T00:00:00.000+0000,0,0,0,0,1,0,0,0
2021-01-31T00:00:00.000+0000,0,0,0,0,1,0,0,0
2021-02-01T00:00:00.000+0000,0,0,0,0,1,0,0,0
2021-02-02T00:00:00.000+0000,0,0,0,0,1,0,0,0
2021-02-03T00:00:00.000+0000,0,0,0,0,1,0,0,0
2021-02-04T00:00:00.000+0000,0,0,0,0,1,0,0,0
2021-02-05T00:00:00.000+0000,0,0,0,0,1,0,0,0
2021-02-06T00:00:00.000+0000,0,0,0,0,1,0,0,0
2021-02-07T00:00:00.000+0000,0,0,0,0,1,0,0,0
2021-02-08T00:00:00.000+0000,0,0,0,0,1,0,0,0
2021-02-09T00:00:00.000+0000,0,0,0,0,1,0,0,0
2021-02-10T00:00:00.000+0000,22.1,0.1,0,1,1,880,16.03,1.6019483333333333
2021-02-11T00:00:00.000+0000,15.7,6.48,0,1,1,93500,6936.29,2.32751
2021-02-12T00:00:00.000+0000,0,0,0,0,0,0,0,0
2021-02-13T00:00:00.000+0000,0,0,0,0,1,0,0,0
2021-02-14T00:00:00.000+0000,0,0,0,0,1,0,0,0
2021-02-15T00:00:00.000+0000,0,0,0,0,1,0,0,0
2021-02-16T00:00:00.000+0000,22,0,0,1,1,900,65.1,0.36527777777777776
2021-02-17T00:00:00.000+0000,0,0,0,0,0,0,0,0
2021-02-18T00:00:00.000+0000,0,0,0,0,1,0,0,0
2021-02-19T00:00:00.000+0000,0.3333333333333333,21.72,0,0,1,424543,13000.48,24.2263575
2021-02-20T00:00:00.000+0000,0,0,0,0,0,0,0,0
2021-02-21T00:00:00.000+0000,0,0,0,0,1,0,0,0
2021-02-22T00:00:00.000+0000,0,0,0,0,1,0,0,0
2021-02-23T00:00:00.000+0000,0,0,0,0,1,0,0,0
2021-02-24T00:00:00.000+0000,0,0,0,0,1,0,0,0
2021-02-25T00:00:00.000+0000,0,0,0,0,1,0,0,0
2021-02-26T00:00:00.000+0000,0,0,0,0,1,0,0,0
2021-02-27T00:00:00.000+0000,0,0,0,0,1,0,0,0
2021-02-28T00:00:00.000+0000,0,0,0,0,1,0,0,0
2021-03-01T00:00:00.000+0000,0,0,0,0,1,0,0,0
2021-03-02T00:00:00.000+0000,14.466666666666667,7.08,0,1,1,530,17.51,0.20777777777777778
2021-03-03T00:00:00.000+0000,0,0,0,0,0,0,0,0
2021-03-04T00:00:00.000+0000,0.4666666666666667,21.42,0,0,1,727328,13370.57,26.000650833333335
2021-03-05T00:00:00.000+0000,0,0,0,0,0,0,0,0
2021-03-06T00:00:00.000+0000,0,0,0,0,1,0,0,0
2021-03-07T00:00:00.000+0000,20.4,0.95,0,1,1,4974,302.97,0.5688888888888889
2021-03-08T00:00:00.000+0000,42.03333333333333,0.66,0,2,1,4626,259.65,4.558106666666667
2021-03-09T00:00:00.000+0000,0,0,0,0,0,0,0,0
2021-03-10T00:00:00.000+0000,0,0,0,0,1,0,0,0
2021-03-11T00:00:00.000+0000,0,0,0,0,1,0,0,0
2021-03-12T00:00:00.000+0000,0,0,0,0,1,0,0,0
2021-03-13T00:00:00.000+0000,0,0,0,0,1,0,0,0
2021-03-14T00:00:00.000+0000,0,0,0,0,1,0,0,0
2021-03-15T00:00:00.000+0000,0,0,0,0,1,0,0,0
2021-03-16T00:00:00.000+0000,0,0,0,0,1,0,0,0
2021-03-17T00:00:00.000+0000,0,0,0,0,1,0,0,0
2021-03-18T00:00:00.000+0000,19.5,1.51,0,1,1,23242,1452.74,1.8386111111111112
2021-03-19T00:00:00.000+0000,0,0,0,0,0,0,0,0
2021-03-20T00:00:00.000+0000,0,0,0,0,1,0,0,0
2021-03-21T00:00:00.000+0000,0,0,0,0,1,0,0,0
2021-03-22T00:00:00.000+0000,0,0,0,0,1,0,0,0
2021-03-23T00:00:00.000+0000,8.866666666666667,11.97,0,1,1,29237,1561.98,0.43833333333333335
2021-03-24T00:00:00.000+0000,0,0,0,0,0,0,0,0
2021-03-25T00:00:00.000+0000,0,0,0,0,1,0,0,0
2021-03-26T00:00:00.000+0000,22.533333333333335,18.93,0,1,1,62162,3494.22,2.610000277777778
2021-03-27T00:00:00.000+0000,0,0,0,0,0,0,0,0
2021-03-28T00:00:00.000+0000,0,0,0,0,1,0,0,0
2021-03-29T00:00:00.000+0000,0,0,0,0,1,0,0,0
2021-03-30T00:00:00.000+0000,0,0,0,0,1,0,0,0
2021-03-31T00:00:00.000+0000,15.566666666666666,4.99,0,1,1,135445,7337.35,3.617777777777778
2021-04-01T00:00:00.000+0000,0,0,0,0,0,0,0,0
2021-04-02T00:00:00.000+0000,0,0,0,0,1,0,0,0
2021-04-03T00:00:00.000+0000,0,0,0,0,1,0,0,0
2021-04-04T00:00:00.000+0000,20.433333333333334,0,1,1,1,310,31.39,0.16565888888888888
2021-04-05T00:00:00.000+0000,0,0,0,0,0,0,0,0
2021-04-06T00:00:00.000+0000,0,0,0,0,1,0,0,0
2021-04-07T00:00:00.000+0000,0,0,0,0,1,0,0,0
2021-04-08T00:00:00.000+0000,0,0,0,0,1,0,0,0
2021-04-09T00:00:00.000+0000,0,0,0,0,1,0,0,0
2021-04-10T00:00:00.000+0000,10.6,9.65,1,1,1,94535,5658.95,4.051985
2021-04-11T00:00:00.000+0000,0,0,0,0,0,0,0,0
2021-04-12T00:00:00.000+0000,0,0,0,0,1,0,0,0
2021-04-13T00:00:00.000+0000,0,0,0,0,1,0,0,0
2021-04-14T00:00:00.000+0000,0,0,0,0,1,0,0,0
2021-04-15T00:00:00.000+0000,16.433333333333334,3.63,1,1,1,348395,8256.4,10.406389166666667
2021-04-16T00:00:00.000+0000,0,0,0,0,0,0,0,0
2021-04-17T00:00:00.000+0000,0,0,0,0,1,0,0,0
2021-04-18T00:00:00.000+0000,0,0,0,0,1,0,0,0
2021-04-19T00:00:00.000+0000,18.466666666666665,1.48,1,1,1,783,31.35,0.08916638888888889
2021-04-20T00:00:00.000+0000,0,0,0,0,0,0,0,0
2021-04-21T00:00:00.000+0000,0,0,0,0,1,0,0,0
2021-04-22T00:00:00.000+0000,0,0,0,0,1,0,0,0
2021-04-23T00:00:00.000+0000,0,0,0,0,1,0,0,0
2021-04-24T00:00:00.000+0000,0,0,0,0,1,0,0,0
2021-04-25T00:00:00.000+0000,0,0,0,0,1,0,0,0
2021-04-26T00:00:00.000+0000,0,0,0,0,1,0,0,0
2021-04-27T00:00:00.000+0000,0,0,0,0,1,0,0,0
2021-04-28T00:00:00.000+0000,0,0,0,0,1,0,0,0
2021-04-29T00:00:00.000+0000,16.866666666666667,2.74,1,1,1,144120,2382.73,4.172217777777778
2021-04-30T00:00:00.000+0000,0,0,0,0,0,0,0,0
2021-05-01T00:00:00.000+0000,0,0,0,0,1,0,0,0
2021-05-02T00:00:00.000+0000,0,0,0,0,1,0,0,0
2021-05-03T00:00:00.000+0000,0,0,0,0,1,0,0,0
2021-05-04T00:00:00.000+0000,0,0,0,0,1,0,0,0
2021-05-05T00:00:00.000+0000,0,0,0,0,1,0,0,0
2021-05-06T00:00:00.000+0000,0,0,0,0,1,0,0,0
2021-05-07T00:00:00.000+0000,0,0,0,0,1,0,0,0
2021-05-08T00:00:00.000+0000,0,0,0,0,1,0,0,0
2021-05-09T00:00:00.000+0000,0,0,0,0,1,0,0,0
2021-05-10T00:00:00.000+0000,0,0,0,0,1,0,0,0
2021-05-11T00:00:00.000+0000,0,0,0,0,1,0,0,0
2021-05-12T00:00:00.000+0000,0,0,0,0,1,0,0,0
2021-05-13T00:00:00.000+0000,3.3,15.84,0,0,1,192501,9978.57,3.8641666666666667
2021-05-14T00:00:00.000+0000,0,0,0,0,0,0,0,0
2021-05-15T00:00:00.000+0000,0,0,0,0,1,0,0,0
2021-05-16T00:00:00.000+0000,15.966666666666667,3.07,0,1,1,25635,1643.44,1.0447222222222223
2021-05-17T00:00:00.000+0000,0,0,0,0,0,0,0,0
2021-05-18T00:00:00.000+0000,0,0,0,0,1,0,0,0
2021-05-19T00:00:00.000+0000,0,0,0,0,1,0,0,0
2021-05-20T00:00:00.000+0000,0,0,0,0,1,0,0,0
2021-05-21T00:00:00.000+0000,0,0,0,0,1,0,0,0
2021-05-22T00:00:00.000+0000,0,0,0,0,1,0,0,0
2021-05-23T00:00:00.000+0000,0,0,0,0,1,0,0,0
2021-05-24T00:00:00.000+0000,0,0,0,0,1,0,0,0
2021-05-25T00:00:00.000+0000,0,0,0,0,1,0,0,0
2021-05-26T00:00:00.000+0000,14.166666666666666,4.54,0,1,1,799,34.28,0.3313888888888889
2021-05-27T00:00:00.000+0000,0,0,0,0,0,0,0,0
2021-05-28T00:00:00.000+0000,15.7,2.93,0,1,1,1579,8.19,1.2722177777777777
2021-05-29T00:00:00.000+0000,0,0,0,0,0,0,0,0
2021-05-30T00:00:00.000+0000,0,0,0,0,1,0,0,0
2021-05-31T00:00:00.000+0000,0,0,0,0,1,0,0,0
2021-06-01T00:00:00.000+0000,0,0,0,0,1,0,0,0
2021-06-02T00:00:00.000+0000,0,0,0,0,1,0,0,0
2021-06-03T00:00:00.000+0000,18.433333333333334,0.02,0,1,1,12915,736.68,1.2066666666666668
2021-06-04T00:00:00.000+0000,0,0,0,0,0,0,0,0
2021-06-05T00:00:00.000+0000,0,0,0,0,1,0,0,0
2021-06-06T00:00:00.000+0000,0,0,0,0,1,0,0,0
2021-06-07T00:00:00.000+0000,0,0,0,0,1,0,0,0
2021-06-08T00:00:00.000+0000,0,0,0,0,1,0,0,0
2021-06-09T00:00:00.000+0000,36.46666666666667,0.01,0,2,1,1372,49.92,0.25305527777777775
2021-06-10T00:00:00.000+0000,0,0,0,0,0,0,0,0
2021-06-11T00:00:00.000+0000,0,0,0,0,1,0,0,0
2021-06-12T00:00:00.000+0000,0,0,0,0,1,0,0,0
2021-06-13T00:00:00.000+0000,0,0,0,0,1,0,0,0
2021-06-14T00:00:00.000+0000,0,0,0,0,1,0,0,0
2021-06-15T00:00:00.000+0000,0,0,0,0,1,0,0,0
2021-06-16T00:00:00.000+0000,0,0,0,0,1,0,0,0
2021-06-17T00:00:00.000+0000,0,0,0,0,1,0,0,0
2021-06-18T00:00:00.000+0000,0,0,0,0,1,0,0,0
2021-06-19T00:00:00.000+0000,0,0,0,0,1,0,0,0
2021-06-20T00:00:00.000+0000,0,0,0,0,1,0,0,0
2021-06-21T00:00:00.000+0000,0,0,0,0,1,0,0,0
2021-06-22T00:00:00.000+0000,0,0,0,0,1,0,0,0
2021-06-23T00:00:00.000+0000,0,0,0,0,1,0,0,0
2021-06-24T00:00:00.000+0000,0,0,0,0,1,0,0,0
2021-06-25T00:00:00.000+0000,0,0,0,0,1,0,0,0
2021-06-26T00:00:00.000+0000,0,0,0,0,1,0,0,0
2021-06-27T00:00:00.000+0000,0,0,0,0,1,0,0,0
2021-06-28T00:00:00.000+0000,0,0,0,0,1,0,0,0
2021-06-29T00:00:00.000+0000,17.5,0.07,0,1,1,3342,147.19,0.5537625
2021-06-30T00:00:00.000+0000,0,0,0,0,0,0,0,0
2021-07-01T00:00:00.000+0000,0,0,0,0,1,0,0,0
2021-07-02T00:00:00.000+0000,0,0,0,0,1,0,0,0
2021-07-03T00:00:00.000+0000,0,0,0,0,1,0,0,0
2021-07-04T00:00:00.000+0000,0,0,0,0,1,0,0,0
2021-07-05T00:00:00.000+0000,0,0,0,0,1,0,0,0
2021-07-06T00:00:00.000+0000,0,0,0,0,1,0,0,0
2021-07-07T00:00:00.000+0000,0,0,0,0,1,0,0,0
2021-07-08T00:00:00.000+0000,0,0,0,0,1,0,0,0
2021-07-09T00:00:00.000+0000,0,0,0,0,1,0,0,0
2021-07-10T00:00:00.000+0000,0,0,0,0,1,0,0,0
2021-07-11T00:00:00.000+0000,0,0,0,0,1,0,0,0
2021-07-12T00:00:00.000+0000,0,0,0,0,1,0,0,0
2021-07-13T00:00:00.000+0000,0,0,0,0,1,0,0,0
2021-07-14T00:00:00.000+0000,0,0,0,0,1,0,0,0
2021-07-15T00:00:00.000+0000,14.766666666666667,2.27,0,1,1,289,0.66,0.03361111111111111
2021-07-16T00:00:00.000+0000,0,0,0,0,0,0,0,0
2021-07-17T00:00:00.000+0000,0,0,0,0,1,0,0,0
2021-07-18T00:00:00.000+0000,0,0,0,0,1,0,0,0
2021-07-19T00:00:00.000+0000,0,0,0,0,1,0,0,0
2021-07-20T00:00:00.000+0000,16.766666666666666,0.09,0,1,1,11814,26.77,19.465565833333333
2021-07-21T00:00:00.000+0000,0,0,0,0,0,0,0,0
2021-07-22T00:00:00.000+0000,0,0,0,0,1,0,0,0
2021-07-23T00:00:00.000+0000,0,0,0,0,1,0,0,0
2021-07-24T00:00:00.000+0000,0,0,0,0,1,0,0,0
2021-07-25T00:00:00.000+0000,0,0,0,0,1,0,0,0
2021-07-26T00:00:00.000+0000,0,0,0,0,1,0,0,0
2021-07-27T00:00:00.000+0000,0,0,0,0,1,0,0,0
2021-07-28T00:00:00.000+0000,0,0,0,0,1,0,0,0
2021-07-29T00:00:00.000+0000,0,0,0,0,1,0,0,0
2021-07-30T00:00:00.000+0000,16.533333333333335,0,0,1,1,306,8.08,0.06666666666666667
2021-07-31T00:00:00.000+0000,0,0,0,0,0,0,0,0
2021-08-01T00:00:00.000+0000,0,0,0,0,1,0,0,0
2021-08-02T00:00:00.000+0000,0,0,0,0,1,0,0,0
2021-08-03T00:00:00.000+0000,16.633333333333333,16.44,0,1,1,588868,32837.53,6.810855555555555
2021-08-04T00:00:00.000+0000,0,0,0,0,0,0,0,0
2021-08-05T00:00:00.000+0000,0,0,0,0,1,0,0,0
2021-08-06T00:00:00.000+0000,16.3,0.01,0,1,1,845,14.2,9.7619375
2021-08-07T00:00:00.000+0000,0,0,0,0,0,0,0,0
2021-08-08T00:00:00.000+0000,0,0,0,0,1,0,0,0
2021-08-09T00:00:00.000+0000,0,0,0,0,1,0,0,0
2021-08-10T00:00:00.000+0000,28.9,3.45,0,2,1,14698,1129.69,1.5238888888888888
2021-08-11T00:00:00.000+0000,0,0,0,0,0,0,0,0
2021-08-12T00:00:00.000+0000,0,0,0,0,1,0,0,0
2021-08-13T00:00:00.000+0000,0,0,0,0,1,0,0,0
2021-08-14T00:00:00.000+0000,0,0,0,0,1,0,0,0
2021-08-15T00:00:00.000+0000,0,0,0,0,1,0,0,0
2021-08-16T00:00:00.000+0000,0,0,0,0,1,0,0,0
2021-08-17T00:00:00.000+0000,0,0,0,0,1,0,0,0
2021-08-18T00:00:00.000+0000,0,0,0,0,1,0,0,0
2021-08-19T00:00:00.000+0000,0,0,0,0,1,0,0,0
2021-08-20T00:00:00.000+0000,0,0,0,0,1,0,0,0
2021-08-21T00:00:00.000+0000,0,0,0,0,1,0,0,0
2021-08-22T00:00:00.000+0000,0,0,0,0,1,0,0,0
2021-08-23T00:00:00.000+0000,0,0,0,0,1,0,0,0
2021-08-24T00:00:00.000+0000,0,0,0,0,1,0,0,0
2021-08-25T00:00:00.000+0000,0,0,0,0,1,0,0,0
2021-08-26T00:00:00.000+0000,0,0,0,0,1,0,0,0
2021-08-27T00:00:00.000+0000,0,0,0,0,1,0,0,0
2021-08-28T00:00:00.000+0000,0,0,0,0,1,0,0,0
2021-08-29T00:00:00.000+0000,0,0,0,0,1,0,0,0
2021-08-30T00:00:00.000+0000,0,0,0,0,1,0,0,0
2021-08-31T00:00:00.000+0000,0,0,0,0,1,0,0,0
2021-09-01T00:00:00.000+0000,0,0,0,0,1,0,0,0
2021-09-02T00:00:00.000+0000,0,0,0,0,1,0,0,0
2021-09-03T00:00:00.000+0000,0,0,0,0,1,0,0,0
2021-09-04T00:00:00.000+0000,14.833333333333334,0.51,0,1,1,6973,60.85,3.8063930555555556
2021-09-05T00:00:00.000+0000,15.3,0,0,1,1,6596,367.1,2.026111111111111
2021-09-06T00:00:00.000+0000,0,0,0,0,0,0,0,0
2021-09-07T00:00:00.000+0000,0,0,0,0,1,0,0,0
2021-09-08T00:00:00.000+0000,23.2,7.22,0,2,1,93902,2893,3.7572319444444444
2021-09-09T00:00:00.000+0000,0,0,0,0,0,0,0,0
2021-09-10T00:00:00.000+0000,58.56666666666667,1.98,0,4,1,19561,410.95,12.693923055555556
2021-09-11T00:00:00.000+0000,25.9,4.33,0,2,0,152755,4750.37,24.367499722222224
2021-09-12T00:00:00.000+0000,15.066666666666666,0.01,0,1,0,1303,53.62,0.39361111111111113
2021-09-13T00:00:00.000+0000,0,0,0,0,0,0,0,0
2021-09-14T00:00:00.000+0000,4.933333333333334,10.08,0,0,1,335,12.72,0.15743027777777777
2021-09-15T00:00:00.000+0000,59.3,0.57,0,4,1,1610,67.18,0.9677899999999999
2021-09-16T00:00:00.000+0000,0,0,0,0,0,0,0,0
2021-09-17T00:00:00.000+0000,0,0,0,0,1,0,0,0
2021-09-18T00:00:00.000+0000,0,0,0,0,1,0,0,0
2021-09-19T00:00:00.000+0000,1.8666666666666667,12.97,0,0,1,3398,121.05,0.22083333333333333
2021-09-20T00:00:00.000+0000,4.766666666666667,10.04,0,0,1,67505,3165.15,2.183611111111111
2021-09-21T00:00:00.000+0000,14.733333333333333,0.03,0,1,1,283,40.39,0.4984261111111111
2021-09-22T00:00:00.000+0000,58.53333333333333,0.38,0,4,1,2532,248.9,1.310295
2021-09-23T00:00:00.000+0000,91.33333333333334,26.29,0,6,1,135032,5042.75,16.51485638888889
2021-09-24T00:00:00.000+0000,569.4666666666666,105.53,0,42,1,2115021,104496.34,135.7484205555556
2021-09-25T00:00:00.000+0000,155.26666666666665,49.68,0,11,0,255186,14896.59,23.53349527777778
2021-09-26T00:00:00.000+0000,72.56666666666666,29.77,0,5,0,168924,4108.17,36.85518805555556
2021-09-27T00:00:00.000+0000,327.46666666666664,36.77,0,25,1,867013,29418.13,66.5026886111111
2021-09-28T00:00:00.000+0000,196.73333333333335,65.55,0,14,0,1213752,47982.19,60.945877499999995
2021-09-29T00:00:00.000+0000,300.50000000000006,47.92,0,22,1,1478752,49210.11,58.47027027777777
2021-09-30T00:00:00.000+0000,117.26666666666667,12.94,0,8,0,241009,11253.1,43.975053888888894
2021-10-01T00:00:00.000+0000,87.36666666666667,13.68,0,7,0,41679,4146.25,12.026383055555554
2021-10-02T00:00:00.000+0000,47.7,38.93,0,3,0,293792,13012.4,17.7852875
2021-10-03T00:00:00.000+0000,2.433333333333333,11.93,0,0,0,16227,811.33,1.0819444444444444
2021-10-04T00:00:00.000+0000,29.06666666666667,14.1,0,2,1,53587,3357.31,6.146364444444444
2021-10-05T00:00:00.000+0000,82.66666666666666,3.15,0,6,1,88750,3998.67,17.804265
2021-10-06T00:00:00.000+0000,70.89999999999999,14.7,0,5,1,98662,6337.66,9.362853055555554
2021-10-07T00:00:00.000+0000,0,0,0,0,0,0,0,0
2021-10-08T00:00:00.000+0000,12.833333333333334,1.38,0,1,1,17203,866.12,1.7075002777777777
2021-10-09T00:00:00.000+0000,24.433333333333334,3.9,0,2,1,34514,1166.27,8.337508055555556
2021-10-10T00:00:00.000+0000,42.53333333333333,14.13,0,3,1,265328,19822.99,18.006110000000003
2021-10-11T00:00:00.000+0000,4.166666666666666,24.03,0,0,0,63292,4596.09,2.4641666666666664
2021-10-12T00:00:00.000+0000,42.099999999999994,0.11,0,3,1,976,34,0.3618636111111111
2021-10-13T00:00:00.000+0000,0,0,0,0,0,0,0,0
2021-10-14T00:00:00.000+0000,0,0,0,0,1,0,0,0
2021-10-15T00:00:00.000+0000,12.2,1.78,0,1,1,113,5.28,0.08972222222222222
2021-10-16T00:00:00.000+0000,0,0,0,0,0,0,0,0
2021-10-17T00:00:00.000+0000,13.766666666666667,0.13,0,1,1,266,8.07,0.06138888888888889
2021-10-18T00:00:00.000+0000,13.866666666666667,0,0,1,1,4650,201.24,1.0016655555555556
2021-10-19T00:00:00.000+0000,0,0,0,0,0,0,0,0
2021-10-20T00:00:00.000+0000,14.233333333333334,13.38,0,1,1,38755,2190.43,3.643796388888889
2021-10-21T00:00:00.000+0000,0,0,0,0,0,0,0,0
2021-10-22T00:00:00.000+0000,7.666666666666667,19.82,0,1,1,10195,649.15,1.8497222222222223
2021-10-23T00:00:00.000+0000,27.366666666666667,0.03,0,2,1,394,19.46,0.2474947222222222
2021-10-24T00:00:00.000+0000,13.666666666666666,0.01,0,1,0,1672,169.19,0.525
2021-10-25T00:00:00.000+0000,0,0,0,0,0,0,0,0
2021-10-26T00:00:00.000+0000,19.9,7.3,0,2,1,19547,1104.34,0.49722222222222223
2021-10-27T00:00:00.000+0000,7.566666666666666,6,0,1,0,20364,1016.91,1.9369444444444444
2021-10-28T00:00:00.000+0000,3.8333333333333335,9.71,0,0,1,91028,5917.37,4.272222222222222
2021-10-29T00:00:00.000+0000,5,8.49,0,1,1,25507,1088.85,4.293576388888889
2021-10-30T00:00:00.000+0000,10.633333333333333,2.83,0,1,1,2654,196.88,1.2203097222222221
2021-10-31T00:00:00.000+0000,13.433333333333334,0,0,1,1,793,53.81,0.22138888888888889
2021-11-01T00:00:00.000+0000,0,0,0,0,0,0,0,0
2021-11-02T00:00:00.000+0000,12.766666666666667,0.6,0,1,1,71260,971.06,16.114994166666666
2021-11-03T00:00:00.000+0000,0,0,0,0,0,0,0,0
2021-11-04T00:00:00.000+0000,31.833333333333336,8.07,0,3,1,572,49.25,0.43194444444444446
2021-11-05T00:00:00.000+0000,1.1333333333333333,12.13,0,0,0,4340,242.19,0.835
2021-11-06T00:00:00.000+0000,12.1,1.14,0,1,1,348,20.64,0.1914486111111111
2021-11-07T00:00:00.000+0000,0,0,0,0,0,0,0,0
2021-11-08T00:00:00.000+0000,13.1,0.06,0,1,1,2112,194.76,0.5363891666666667
2021-11-09T00:00:00.000+0000,0,0,0,0,0,0,0,0
2021-11-10T00:00:00.000+0000,0,0,0,0,1,0,0,0
2021-11-11T00:00:00.000+0000,0,0,0,0,1,0,0,0
2021-11-12T00:00:00.000+0000,0,0,0,0,1,0,0,0
2021-11-13T00:00:00.000+0000,0,0,0,0,1,0,0,0
2021-11-14T00:00:00.000+0000,0,0,0,0,1,0,0,0
2021-11-15T00:00:00.000+0000,0,0,0,0,1,0,0,0
2021-11-16T00:00:00.000+0000,0,0,0,0,1,0,0,0
2021-11-17T00:00:00.000+0000,0,0,0,0,1,0,0,0
2021-11-18T00:00:00.000+0000,0,0,0,0,1,0,0,0
2021-11-19T00:00:00.000+0000,0,0,0,0,1,0,0,0
2021-11-20T00:00:00.000+0000,0,0,0,0,1,0,0,0
2021-11-21T00:00:00.000+0000,0,0,0,0,1,0,0,0
2021-11-22T00:00:00.000+0000,3.8,8.91,0,0,1,58860,3584.21,3.050819722222222
2021-11-23T00:00:00.000+0000,0,0,0,0,0,0,0,0
2021-11-24T00:00:00.000+0000,0,0,0,0,1,0,0,0
2021-11-25T00:00:00.000+0000,0,0,0,0,1,0,0,0
2021-11-26T00:00:00.000+0000,12.566666666666666,0,0,1,1,28,1.16,0.02
2021-11-27T00:00:00.000+0000,0,0,0,0,0,0,0,0
2021-11-28T00:00:00.000+0000,12.5,0.01,0,1,1,475,4.6,4.8277777777777775
2021-11-29T00:00:00.000+0000,0,0,0,0,0,0,0,0
2021-11-30T00:00:00.000+0000,12.433333333333334,0,0,1,1,37,2.45,0.06800833333333334
2021-12-01T00:00:00.000+0000,0,0,0,0,0,0,0,0
2021-12-02T00:00:00.000+0000,0,0,0,0,1,0,0,0
2021-12-03T00:00:00.000+0000,0,0,0,0,1,0,0,0
2021-12-04T00:00:00.000+0000,0,0,0,0,1,0,0,0
2021-12-05T00:00:00.000+0000,0,0,0,0,1,0,0,0
2021-12-06T00:00:00.000+0000,0,0,0,0,1,0,0,0
2021-12-07T00:00:00.000+0000,0,0,0,0,1,0,0,0
2021-12-08T00:00:00.000+0000,0,0,0,0,1,0,0,0
2021-12-09T00:00:00.000+0000,0,0,0,0,1,0,0,0
2021-12-10T00:00:00.000+0000,0,0,0,0,1,0,0,0
2021-12-11T00:00:00.000+0000,9.7,2.36,0,1,1,201908,1797.19,24.148532777777778
2021-12-12T00:00:00.000+0000,0,0,0,0,0,0,0,0
2021-12-13T00:00:00.000+0000,0,0,0,0,1,0,0,0
2021-12-14T00:00:00.000+0000,0,0,0,0,1,0,0,0
2021-12-15T00:00:00.000+0000,0,0,0,0,1,0,0,0
2021-12-16T00:00:00.000+0000,5.366666666666666,6.53,0,1,1,6796,242.22,1.2975
2021-12-17T00:00:00.000+0000,0,0,0,0,0,0,0,0
2021-12-18T00:00:00.000+0000,0,0,0,0,1,0,0,0
2021-12-19T00:00:00.000+0000,10.833333333333334,0.97,0,1,1,4585,187.83,0.5808333333333333
2021-12-20T00:00:00.000+0000,0,0,0,0,0,0,0,0
2021-12-21T00:00:00.000+0000,0,0,0,0,1,0,0,0
2021-12-22T00:00:00.000+0000,0,0,0,0,1,0,0,0
2021-12-23T00:00:00.000+0000,11.666666666666666,0,0,1,1,49,3.68,0.058333333333333334
2021-12-24T00:00:00.000+0000,0,0,0,0,0,0,0,0
2021-12-25T00:00:00.000+0000,0,0,0,0,1,0,0,0
2021-12-26T00:00:00.000+0000,0,0,0,0,1,0,0,0
2021-12-27T00:00:00.000+0000,0,0,0,0,1,0,0,0
2021-12-28T00:00:00.000+0000,0,0,0,0,1,0,0,0
2021-12-29T00:00:00.000+0000,0,0,0,0,1,0,0,0
2021-12-30T00:00:00.000+0000,0,0,0,0,1,0,0,0
2021-12-31T00:00:00.000+0000,0,0,0,0,1,0,0,0
2022-01-01T00:00:00.000+0000,0,0,0,0,1,0,0,0
2022-01-02T00:00:00.000+0000,0,0,0,0,1,0,0,0
2022-01-03T00:00:00.000+0000,0,0,0,0,1,0,0,0
2022-01-04T00:00:00.000+0000,0,0,0,0,1,0,0,0
2022-01-05T00:00:00.000+0000,0,0,0,0,1,0,0,0
2022-01-06T00:00:00.000+0000,0,0,0,0,1,0,0,0
2022-01-07T00:00:00.000+0000,0,0,0,0,1,0,0,0
2022-01-08T00:00:00.000+0000,0,0,0,0,1,0,0,0
2022-01-09T00:00:00.000+0000,0,0,0,0,1,0,0,0
2022-01-10T00:00:00.000+0000,0,0,0,0,1,0,0,0
2022-01-11T00:00:00.000+0000,0,0,0,0,1,0,0,0
2022-01-12T00:00:00.000+0000,0,0,0,0,1,0,0,0
2022-01-13T00:00:00.000+0000,0,0,0,0,1,0,0,0
2022-01-14T00:00:00.000+0000,0,0,0,0,1,0,0,0
2022-01-15T00:00:00.000+0000,0,0,0,0,1,0,0,0
2022-01-16T00:00:00.000+0000,0,0,0,0,1,0,0,0
2022-01-17T00:00:00.000+0000,0,0,0,0,1,0,0,0
2022-01-18T00:00:00.000+0000,0,0,0,0,1,0,0,0
2022-01-19T00:00:00.000+0000,0,0,0,0,1,0,0,0
2022-01-20T00:00:00.000+0000,8.966666666666667,1.76,0,1,1,497,34.29,0.17444416666666668
2022-01-21T00:00:00.000+0000,0,0,0,0,0,0,0,0
2022-01-22T00:00:00.000+0000,0,0,0,0,1,0,0,0
2022-01-23T00:00:00.000+0000,10.633333333333333,0,0,1,1,117,7.21,0.13555555555555557
2022-01-24T00:00:00.000+0000,0,0,0,0,0,0,0,0
2022-01-25T00:00:00.000+0000,0,0,0,0,1,0,0,0
2022-01-26T00:00:00.000+0000,0,0,0,0,1,0,0,0
2022-01-27T00:00:00.000+0000,0,0,0,0,1,0,0,0
2022-01-28T00:00:00.000+0000,0,0,0,0,1,0,0,0
2022-01-29T00:00:00.000+0000,0,0,0,0,1,0,0,0
2022-01-30T00:00:00.000+0000,10.366666666666667,0.03,0,1,1,121,6.72,0.2575
2022-01-31T00:00:00.000+0000,0,0,0,0,0,0,0,0
2022-02-01T00:00:00.000+0000,0,0,0,0,1,0,0,0
2022-02-02T00:00:00.000+0000,0,0,0,0,1,0,0,0
2022-02-03T00:00:00.000+0000,0,0,0,0,1,0,0,0
2022-02-04T00:00:00.000+0000,0,0,0,0,1,0,0,0
2022-02-05T00:00:00.000+0000,0,0,0,0,1,0,0,0
2022-02-06T00:00:00.000+0000,0,0,0,0,1,0,0,0
2022-02-07T00:00:00.000+0000,0,0,0,0,1,0,0,0
2022-02-08T00:00:00.000+0000,0,0,0,0,1,0,0,0
2022-02-09T00:00:00.000+0000,0,0,0,0,1,0,0,0
2022-02-10T00:00:00.000+0000,0,0,0,0,1,0,0,0
2022-02-11T00:00:00.000+0000,0,0,0,0,1,0,0,0
2022-02-12T00:00:00.000+0000,0,0,0,0,1,0,0,0
2022-02-13T00:00:00.000+0000,0,0,0,0,1,0,0,0
2022-02-14T00:00:00.000+0000,0,0,0,0,1,0,0,0
2022-02-15T00:00:00.000+0000,0,0,0,0,1,0,0,0
2022-02-16T00:00:00.000+0000,0,0,0,0,1,0,0,0
2022-02-17T00:00:00.000+0000,0,0,0,0,1,0,0,0
2022-02-18T00:00:00.000+0000,0,0,0,0,1,0,0,0
2022-02-19T00:00:00.000+0000,0,0,0,0,1,0,0,0
2022-02-20T00:00:00.000+0000,0,0,0,0,1,0,0,0
2022-02-21T00:00:00.000+0000,0,0,0,0,1,0,0,0
2022-02-22T00:00:00.000+0000,8.933333333333334,0.7,0,1,1,7117,280.5,0.5516666666666666
2022-02-23T00:00:00.000+0000,0,0,0,0,0,0,0,0
2022-02-24T00:00:00.000+0000,0.8,8.77,0,0,1,839,32.19,0.04638888888888889
2022-02-25T00:00:00.000+0000,0,0,0,0,0,0,0,0
2022-02-26T00:00:00.000+0000,0,0,0,0,1,0,0,0
2022-02-27T00:00:00.000+0000,0,0,0,0,1,0,0,0
2022-02-28T00:00:00.000+0000,0,0,0,0,1,0,0,0
2022-03-01T00:00:00.000+0000,0,0,0,0,1,0,0,0
2022-03-02T00:00:00.000+0000,0,0,0,0,1,0,0,0
2022-03-03T00:00:00.000+0000,0,0,0,0,1,0,0,0
2022-03-04T00:00:00.000+0000,0,0,0,0,1,0,0,0
2022-03-05T00:00:00.000+0000,0,0,0,0,1,0,0,0
2022-03-06T00:00:00.000+0000,0,0,0,0,1,0,0,0
2022-03-07T00:00:00.000+0000,0,0,0,0,1,0,0,0
2022-03-08T00:00:00.000+0000,0,0,0,0,1,0,0,0
2022-03-09T00:00:00.000+0000,0,0,0,0,1,0,0,0
2022-03-10T00:00:00.000+0000,0,0,0,0,1,0,0,0
2022-03-11T00:00:00.000+0000,0,0,0,0,1,0,0,0
2022-03-12T00:00:00.000+0000,0,0,0,0,1,0,0,0
2022-03-13T00:00:00.000+0000,6.633333333333334,2.37,0,1,1,467,72.59,0.49333333333333335
2022-03-14T00:00:00.000+0000,3.6333333333333333,5.33,0,0,1,1847,70.01,0.2213886111111111
2022-03-15T00:00:00.000+0000,8.6,0.33,0,1,1,2907,208.27,0.665
2022-03-16T00:00:00.000+0000,0,0,0,0,0,0,0,0
2022-03-17T00:00:00.000+0000,0,0,0,0,1,0,0,0
2022-03-18T00:00:00.000+0000,0,0,0,0,1,0,0,0
2022-03-19T00:00:00.000+0000,0,0,0,0,1,0,0,0
2022-03-20T00:00:00.000+0000,0,0,0,0,1,0,0,0
2022-03-21T00:00:00.000+0000,0,0,0,0,1,0,0,0
2022-03-22T00:00:00.000+0000,0,0,0,0,1,0,0,0
2022-03-23T00:00:00.000+0000,0,0,0,0,1,0,0,0
2022-03-24T00:00:00.000+0000,0,0,0,0,1,0,0,0
2022-03-25T00:00:00.000+0000,0,0,0,0,1,0,0,0
2022-03-26T00:00:00.000+0000,0,0,0,0,1,0,0,0
2022-03-27T00:00:00.000+0000,0,0,0,0,1,0,0,0
2022-03-28T00:00:00.000+0000,0,0,0,0,1,0,0,0
2022-03-29T00:00:00.000+0000,0,0,0,0,1,0,0,0
2022-03-30T00:00:00.000+0000,0,0,0,0,1,0,0,0
2022-03-31T00:00:00.000+0000,0,0,0,0,1,0,0,0
2022-04-01T00:00:00.000+0000,0,0,0,0,1,0,0,0
2022-04-02T00:00:00.000+0000,0,0,0,0,1,0,0,0
2022-04-03T00:00:00.000+0000,0,0,0,0,1,0,0,0
2022-04-04T00:00:00.000+0000,0,0,0,0,1,0,0,0
2022-04-05T00:00:00.000+0000,0,0,0,0,1,0,0,0
2022-04-06T00:00:00.000+0000,0,0,0,0,1,0,0,0
2022-04-07T00:00:00.000+0000,0,0,0,0,1,0,0,0
2022-04-08T00:00:00.000+0000,0,0,0,0,1,0,0,0
2022-04-09T00:00:00.000+0000,0,0,0,0,1,0,0,0
2022-04-10T00:00:00.000+0000,8,0.09,0,1,1,12061,278.75,1.178976388888889
2022-04-11T00:00:00.000+0000,0,0,0,0,0,0,0,0
2022-04-12T00:00:00.000+0000,0,0,0,0,1,0,0,0
2022-04-13T00:00:00.000+0000,0,0,0,0,1,0,0,0
2022-04-14T00:00:00.000+0000,0,0,0,0,1,0,0,0
2022-04-15T00:00:00.000+0000,7.9,0,0,1,1,295,6.97,0.08583333333333333
2022-04-16T00:00:00.000+0000,0,0,0,0,0,0,0,0
2022-04-17T00:00:00.000+0000,0,0,0,0,1,0,0,0
2022-04-18T00:00:00.000+0000,0,0,0,0,1,0,0,0
2022-04-19T00:00:00.000+0000,0,0,0,0,1,0,0,0
2022-04-20T00:00:00.000+0000,0,0,0,0,1,0,0,0
2022-04-21T00:00:00.000+0000,0,0,0,0,1,0,0,0
2022-04-22T00:00:00.000+0000,0.5666666666666667,7.1,0,0,1,5235,259.53,0.5736111111111111
2022-04-23T00:00:00.000+0000,0,0,0,0,0,0,0,0
2022-04-24T00:00:00.000+0000,0,0,0,0,1,0,0,0
2022-04-25T00:00:00.000+0000,0,0,0,0,1,0,0,0
2022-04-26T00:00:00.000+0000,0,0,0,0,1,0,0,0
2022-04-27T00:00:00.000+0000,0,0,0,0,1,0,0,0
2022-04-28T00:00:00.000+0000,0,0,0,0,1,0,0,0
2022-04-29T00:00:00.000+0000,0,0,0,0,1,0,0,0
2022-04-30T00:00:00.000+0000,0,0,0,0,1,0,0,0
2022-05-01T00:00:00.000+0000,0,0,0,0,1,0,0,0
2022-05-02T00:00:00.000+0000,0,0,0,0,1,0,0,0
2022-05-03T00:00:00.000+0000,0,0,0,0,1,0,0,0
2022-05-04T00:00:00.000+0000,0,0,0,0,1,0,0,0
2022-05-05T00:00:00.000+0000,0,0,0,0,1,0,0,0
2022-05-06T00:00:00.000+0000,6.833333333333333,0.37,0,1,1,19244,629.58,2.356679166666667
2022-05-07T00:00:00.000+0000,0,0,0,0,0,0,0,0
2022-05-08T00:00:00.000+0000,0,0,0,0,1,0,0,0
2022-05-09T00:00:00.000+0000,0,0,0,0,1,0,0,0
2022-05-10T00:00:00.000+0000,0,0,0,0,1,0,0,0
2022-05-11T00:00:00.000+0000,0,0,0,0,1,0,0,0
2022-05-12T00:00:00.000+0000,0,0,0,0,1,0,0,0
2022-05-13T00:00:00.000+0000,6.566666666666666,0.42,0,1,1,50,0.94,0.0077777777777777776
2022-05-14T00:00:00.000+0000,13.733333333333334,0.14,0,2,1,16093,910.06,2.780991944444444
2022-05-15T00:00:00.000+0000,0,0,0,0,0,0,0,0
2022-05-16T00:00:00.000+0000,0,0,0,0,1,0,0,0
2022-05-17T00:00:00.000+0000,0,0,0,0,1,0,0,0
2022-05-18T00:00:00.000+0000,6.8,0,0,1,1,54,12.33,0.11397611111111111
2022-05-19T00:00:00.000+0000,0,0,0,0,0,0,0,0
2022-05-20T00:00:00.000+0000,0,0,0,0,1,0,0,0
2022-05-21T00:00:00.000+0000,0,0,0,0,1,0,0,0
2022-05-22T00:00:00.000+0000,13.6,6.55,0,2,1,326231,7017.04,25.31138861111111
2022-05-23T00:00:00.000+0000,19.3,0.61,0,3,1,154128,7578.64,4.3358475
2022-05-24T00:00:00.000+0000,12.399999999999999,0.8,0,2,0,7301,472.74,0.9277777777777778
2022-05-25T00:00:00.000+0000,4.733333333333333,1.83,0,0,0,703,51.95,0.21666666666666667
2022-05-26T00:00:00.000+0000,0,0,0,0,0,0,0,0
2022-05-27T00:00:00.000+0000,0.43333333333333335,6.07,0,0,1,5332,89.27,3.066670277777778
2022-05-28T00:00:00.000+0000,5.066666666666666,1.39,0,1,1,26316,806.58,19.409167222222223
2022-05-29T00:00:00.000+0000,6.333333333333333,0.09,0,1,1,8270,340.24,7.409723055555555
2022-05-30T00:00:00.000+0000,0,0,0,0,0,0,0,0
2022-05-31T00:00:00.000+0000,5.2,1.18,0,1,1,40931,2411.97,1.8497222222222223
2022-06-01T00:00:00.000+0000,0,0,0,0,0,0,0,0
2022-06-02T00:00:00.000+0000,0,0,0,0,1,0,0,0
2022-06-03T00:00:00.000+0000,0,0,0,0,1,0,0,0
2022-06-04T00:00:00.000+0000,0,0,0,0,1,0,0,0
2022-06-05T00:00:00.000+0000,0,0,0,0,1,0,0,0
2022-06-06T00:00:00.000+0000,0,0,0,0,1,0,0,0
2022-06-07T00:00:00.000+0000,0,0,0,0,1,0,0,0
2022-06-08T00:00:00.000+0000,0,0,0,0,1,0,0,0
2022-06-09T00:00:00.000+0000,0,0,0,0,1,0,0,0
2022-06-10T00:00:00.000+0000,0,0,0,0,1,0,0,0
2022-06-11T00:00:00.000+0000,6,0,0,1,1,2217,153.91,0.4841663888888889
2022-06-12T00:00:00.000+0000,5.966666666666667,0,0,1,1,204,12.85,0.24750027777777778
2022-06-13T00:00:00.000+0000,0,0,0,0,0,0,0,0
2022-06-14T00:00:00.000+0000,0,0,0,0,1,0,0,0
2022-06-15T00:00:00.000+0000,6.066666666666666,5.67,0,1,1,5529,238.57,0.9476252777777778
2022-06-16T00:00:00.000+0000,0.3,5.55,0,0,0,44928,3595.87,1.0755555555555556
2022-06-17T00:00:00.000+0000,15.433333333333334,1.98,0,2,1,1358,84.28,0.6991666666666667
2022-06-18T00:00:00.000+0000,8.3,3.26,0,0,0,13355,1080.27,1.8580394444444446
2022-06-19T00:00:00.000+0000,0,0,0,0,0,0,0,0
2022-06-20T00:00:00.000+0000,0,0,0,0,1,0,0,0
2022-06-21T00:00:00.000+0000,5.233333333333333,0.43,0,1,1,1007,110.42,0.4289616666666667
2022-06-22T00:00:00.000+0000,6.433333333333334,4.91,0,1,1,61363,3865.98,3.593611388888889
2022-06-23T00:00:00.000+0000,0,0,0,0,0,0,0,0
2022-06-24T00:00:00.000+0000,4.866666666666666,0.69,0,0,1,3711,320.12,1.7641666666666667
2022-06-25T00:00:00.000+0000,0,0,0,0,0,0,0,0
2022-06-26T00:00:00.000+0000,0,0,0,0,1,0,0,0
2022-06-27T00:00:00.000+0000,5.166666666666667,0.31,0,1,1,3017,89.77,0.9929675
2022-06-28T00:00:00.000+0000,0,0,0,0,0,0,0,0
2022-06-29T00:00:00.000+0000,5.4,0,0,1,1,415,21.13,0.03361111111111111
2022-06-30T00:00:00.000+0000,0,0,0,0,0,0,0,0
2022-07-01T00:00:00.000+0000,0,0,0,0,1,0,0,0
2022-07-02T00:00:00.000+0000,4.733333333333333,0.57,0,0,1,37455,2127.92,3.0519444444444446
2022-07-03T00:00:00.000+0000,0,0,0,0,0,0,0,0
2022-07-04T00:00:00.000+0000,0,0,0,0,1,0,0,0
2022-07-05T00:00:00.000+0000,0,0,0,0,1,0,0,0
2022-07-06T00:00:00.000+0000,0,0,0,0,1,0,0,0
2022-07-07T00:00:00.000+0000,0,0,0,0,1,0,0,0
2022-07-08T00:00:00.000+0000,0,0,0,0,1,0,0,0
2022-07-09T00:00:00.000+0000,0,0,0,0,1,0,0,0
2022-07-10T00:00:00.000+0000,1.4,3.64,0,0,1,41916,2339.55,3.7030555555555558
2022-07-11T00:00:00.000+0000,0,0,0,0,0,0,0,0
2022-07-12T00:00:00.000+0000,0,0,0,0,1,0,0,0
2022-07-13T00:00:00.000+0000,0,0,0,0,1,0,0,0
2022-07-14T00:00:00.000+0000,0,0,0,0,1,0,0,0
2022-07-15T00:00:00.000+0000,0,0,0,0,1,0,0,0
2022-07-16T00:00:00.000+0000,0,0,0,0,1,0,0,0
2022-07-17T00:00:00.000+0000,0,0,0,0,1,0,0,0
2022-07-18T00:00:00.000+0000,0,0,0,0,1,0,0,0
2022-07-19T00:00:00.000+0000,0,0,0,0,1,0,0,0
2022-07-20T00:00:00.000+0000,4.366666666666666,0.32,0,0,1,4273,275.83,1.0686111111111112
2022-07-21T00:00:00.000+0000,0,0,0,0,0,0,0,0
2022-07-22T00:00:00.000+0000,0,0,0,0,1,0,0,0
2022-07-23T00:00:00.000+0000,4.6,0,0,0,1,63,0.02,0.008333333333333333
2022-07-24T00:00:00.000+0000,0,0,0,0,0,0,0,0
2022-07-25T00:00:00.000+0000,0,0,0,0,1,0,0,0
2022-07-26T00:00:00.000+0000,0,0,0,0,1,0,0,0
2022-07-27T00:00:00.000+0000,0,0,0,0,1,0,0,0
2022-07-28T00:00:00.000+0000,0,0,0,0,1,0,0,0
2022-07-29T00:00:00.000+0000,0,0,0,0,1,0,0,0
2022-07-30T00:00:00.000+0000,0,0,0,0,1,0,0,0
2022-07-31T00:00:00.000+0000,0,0,0,0,1,0,0,0
2022-08-01T00:00:00.000+0000,0,0,0,0,1,0,0,0
2022-08-02T00:00:00.000+0000,0,0,0,0,1,0,0,0
2022-08-03T00:00:00.000+0000,0.43333333333333335,3.81,0,0,1,694,27.31,0.19611111111111112
2022-08-04T00:00:00.000+0000,0,0,0,0,0,0,0,0
2022-08-05T00:00:00.000+0000,0,0,0,0,1,0,0,0
2022-08-06T00:00:00.000+0000,0,0,0,0,1,0,0,0
2022-08-07T00:00:00.000+0000,0,0,0,0,1,0,0,0
2022-08-08T00:00:00.000+0000,0,0,0,0,1,0,0,0
2022-08-09T00:00:00.000+0000,0,0,0,0,1,0,0,0
2022-08-10T00:00:00.000+0000,0,0,0,0,1,0,0,0
2022-08-11T00:00:00.000+0000,0,0,0,0,1,0,0,0
2022-08-12T00:00:00.000+0000,0,0,0,0,1,0,0,0
2022-08-13T00:00:00.000+0000,0,0,0,0,1,0,0,0
2022-08-14T00:00:00.000+0000,0,0,0,0,1,0,0,0
2022-08-15T00:00:00.000+0000,0,0,0,0,1,0,0,0
2022-08-16T00:00:00.000+0000,0,0,0,0,1,0,0,0
2022-08-17T00:00:00.000+0000,0,0,0,0,1,0,0,0
2022-08-18T00:00:00.000+0000,0,0,0,0,1,0,0,0
2022-08-19T00:00:00.000+0000,0,0,0,0,1,0,0,0
2022-08-20T00:00:00.000+0000,3.6666666666666665,0,0,0,1,4185,172.56,0.756315
2022-08-21T00:00:00.000+0000,20.133333333333333,1.7,0,0,1,15383,664.16,12.005579166666667
2022-08-22T00:00:00.000+0000,17.233333333333334,0.75,0,0,0,10375,167.67,12.504870833333333
2022-08-23T00:00:00.000+0000,1,6.25,0,0,0,93105,5783.79,6.043611111111112
2022-08-24T00:00:00.000+0000,17.866666666666664,3.36,0,0,1,32756,1864.76,4.408280555555556
2022-08-25T00:00:00.000+0000,0,0,0,0,0,0,0,0
2022-08-26T00:00:00.000+0000,3.1666666666666665,0.31,0,0,1,14203,358.59,3.2860533333333333
2022-08-27T00:00:00.000+0000,0,0,0,0,0,0,0,0
2022-08-28T00:00:00.000+0000,0,0,0,0,1,0,0,0
2022-08-29T00:00:00.000+0000,3.3666666666666667,0,0,0,1,21,0.85,0.006666666666666667
2022-08-30T00:00:00.000+0000,3.3333333333333335,0,0,0,1,24,2.06,0.022222222222222223
2022-08-31T00:00:00.000+0000,2.966666666666667,0.33,0,0,1,1957,100.44,0.40194444444444444
2022-09-01T00:00:00.000+0000,0.4666666666666667,3.05,0,0,1,212772,10142.57,4.247245555555556
2022-09-02T00:00:00.000+0000,0,0,0,0,0,0,0,0
2022-09-03T00:00:00.000+0000,0,0,0,0,1,0,0,0
2022-09-04T00:00:00.000+0000,0,0,0,0,1,0,0,0
2022-09-05T00:00:00.000+0000,0,0,0,0,1,0,0,0
2022-09-06T00:00:00.000+0000,0,0,0,0,1,0,0,0
2022-09-07T00:00:00.000+0000,0,0,0,0,1,0,0,0
2022-09-08T00:00:00.000+0000,0,0,0,0,1,0,0,0
2022-09-09T00:00:00.000+0000,0,0,0,0,1,0,0,0
2022-09-10T00:00:00.000+0000,0,0,0,0,1,0,0,0
2022-09-11T00:00:00.000+0000,0,0,0,0,1,0,0,0
2022-09-12T00:00:00.000+0000,0,0,0,0,1,0,0,0
2022-09-13T00:00:00.000+0000,8.6,0,0,0,1,2167,183.44,1.6908333333333334
2022-09-14T00:00:00.000+0000,2.8333333333333335,0,0,0,0,191,3.21,0.06194444444444445
2022-09-15T00:00:00.000+0000,0,0,0,0,0,0,0,0
2022-09-16T00:00:00.000+0000,0,0,0,0,1,0,0,0
2022-09-17T00:00:00.000+0000,0,0,0,0,1,0,0,0
2022-09-18T00:00:00.000+0000,0,0,0,0,1,0,0,0
2022-09-19T00:00:00.000+0000,0,0,0,0,1,0,0,0
2022-09-20T00:00:00.000+0000,0,0,0,0,1,0,0,0
2022-09-21T00:00:00.000+0000,0,0,0,0,1,0,0,0
2022-09-22T00:00:00.000+0000,0,0,0,0,1,0,0,0
2022-09-23T00:00:00.000+0000,0,0,0,0,1,0,0,0
2022-09-24T00:00:00.000+0000,12.4,0.1,0,0,1,50010,2494.58,10.96615
2022-09-25T00:00:00.000+0000,3.5,1.43,0,0,0,936,47.02,0.6108872222222221
2022-09-26T00:00:00.000+0000,12.6,2.26,0,0,1,231080,4369.17,16.89196472222222
2022-09-27T00:00:00.000+0000,2.2333333333333334,0.18,0,0,0,4583,162.49,0.5533333333333333
2022-09-28T00:00:00.000+0000,0,0,0,0,0,0,0,0
2022-09-29T00:00:00.000+0000,4.333333333333334,0.34,0,0,1,24853,551.18,17.437347222222222
2022-09-30T00:00:00.000+0000,6.966666666666667,2.25,0,0,1,21027,1230.94,2.130583888888889
2022-10-01T00:00:00.000+0000,0,0,0,0,0,0,0,0
2022-10-02T00:00:00.000+0000,3.1333333333333333,1.34,0,0,1,20492,1197.77,0.8325
2022-10-03T00:00:00.000+0000,2.066666666666667,0.14,0,0,0,463,17.07,0.34555555555555556
2022-10-04T00:00:00.000+0000,6.133333333333333,0.39,0,0,1,25642,1581.33,3.671706666666667
2022-10-05T00:00:00.000+0000,0,0,0,0,0,0,0,0
2022-10-06T00:00:00.000+0000,0,0,0,0,1,0,0,0
2022-10-07T00:00:00.000+0000,7.933333333333334,0.35,0,0,1,19677,926.08,3.7212908333333328
2022-10-08T00:00:00.000+0000,6.1,0.01,0,0,0,1757,117.76,1.17
2022-10-09T00:00:00.000+0000,5.9,2.14,0,0,1,54337,2940.38,3.0192275
2022-10-10T00:00:00.000+0000,1.9666666666666666,0,0,0,0,38,8.8,0.3997222222222222
2022-10-11T00:00:00.000+0000,5.3,0.53,0,0,1,17533,860.95,2.245863611111111
2022-10-12T00:00:00.000+0000,1.9,0,0,0,0,208,12.66,0.23919083333333332
2022-10-13T00:00:00.000+0000,3.666666666666667,0.08,0,0,1,610,91.3,0.8444444444444444
2022-10-14T00:00:00.000+0000,13.266666666666667,3.62,0,0,1,65641,2798.62,13.692060833333331
2022-10-15T00:00:00.000+0000,9.7,4.89,0,0,0,206316,13214.76,8.990035833333334
2022-10-16T00:00:00.000+0000,4.3,1.08,0,0,0,13008,597.3,2.27639
2022-10-17T00:00:00.000+0000,0.7333333333333333,1,0,0,0,11789,618.75,1.2324997222222223
2022-10-18T00:00:00.000+0000,0,0,0,0,0,0,0,0
2022-10-19T00:00:00.000+0000,0,0,0,0,1,0,0,0
2022-10-20T00:00:00.000+0000,15.033333333333331,1.54,0,0,1,87622,4117.4,30.268610833333334
2022-10-21T00:00:00.000+0000,22.833333333333332,4.77,0,0,1,522667,21508.92,43.01014
2022-10-22T00:00:00.000+0000,3.4000000000000004,2.87,0,0,0,111357,6473.75,14.953056666666669
2022-10-23T00:00:00.000+0000,6.1,1.6,0,0,1,48417,3122.96,15.99641888888889
2022-10-24T00:00:00.000+0000,8.333333333333332,0.73,0,0,1,12625,736.02,3.4985791666666666
2022-10-25T00:00:00.000+0000,5.666666666666666,0.21,0,0,0,24434,1835.03,2.906426111111111
2022-10-26T00:00:00.000+0000,7.3999999999999995,4.47,0,0,1,211112,10142.89,46.299266388888896
2022-10-27T00:00:00.000+0000,8.233333333333333,0.2,0,0,0,18247,1092.25,5.077500277777778
2022-10-28T00:00:00.000+0000,1.9000000000000001,2.55,0,0,0,349866,16772.33,23.98054333333333
2022-10-29T00:00:00.000+0000,0.36666666666666664,1.12,0,0,0,62093,2688.58,3.2691922222222223
2022-10-30T00:00:00.000+0000,1.2,0.1,0,0,1,2851,298.62,1.173888888888889
2022-10-31T00:00:00.000+0000,1.2,1.4,0,0,1,5970,527.49,1.6699972222222224
2022-11-01T00:00:00.000+0000,2.4333333333333336,0.05,0,0,1,7233,403.98,1.7386108333333332
2022-11-02T00:00:00.000+0000,3.5999999999999996,0.01,0,0,1,5209,120.52,1.086111111111111
2022-11-03T00:00:00.000+0000,1.1333333333333333,0.03,0,0,0,2061,90.72,0.43610916666666666
2022-11-04T00:00:00.000+0000,8.266666666666666,0.78,0,0,1,28593,895.51,12.388752777777777
2022-11-05T00:00:00.000+0000,2.4333333333333336,0.88,0,0,0,30962,1747.69,5.774163888888888
2022-11-06T00:00:00.000+0000,1.0666666666666667,0,0,0,0,151,6.33,0.13055555555555556
2022-11-07T00:00:00.000+0000,0.7666666666666666,1.44,0,0,1,13091,953.36,3.3214041666666665
2022-11-08T00:00:00.000+0000,0.7666666666666667,0.23,0,0,0,18431,665.58,3.4005555555555556
2022-11-09T00:00:00.000+0000,0,0,0,0,0,0,0,0
2022-11-10T00:00:00.000+0000,0,0,0,0,1,0,0,0
2022-11-11T00:00:00.000+0000,0,0,0,0,1,0,0,0
2022-11-12T00:00:00.000+0000,0,0,0,0,1,0,0,0
2022-11-13T00:00:00.000+0000,0.8666666666666667,0,0,0,1,604,14.01,0.20277805555555556
2022-11-14T00:00:00.000+0000,4.966666666666666,1.07,0,0,1,126503,5894.99,32.38610972222222
2022-11-15T00:00:00.000+0000,2.1,1.44,0,0,0,69834,3201.21,10.610536388888889
2022-11-16T00:00:00.000+0000,1.4,0.07,0,0,0,756,44.54,0.6713888888888889
2022-11-17T00:00:00.000+0000,1.2333333333333334,0.17,0,0,1,1206,109.2,0.7363666666666666
2022-11-18T00:00:00.000+0000,1.0666666666666667,0.47,0,0,1,15991,1164.68,5.201131111111111
2022-11-19T00:00:00.000+0000,0,0,0,0,0,0,0,0
2022-11-20T00:00:00.000+0000,0.5666666666666667,0.03,0,0,1,1197,86.88,0.8388888888888889
2022-11-21T00:00:00.000+0000,0,0,0,0,0,0,0,0
2022-11-22T00:00:00.000+0000,0.3333333333333333,0.21,0,0,1,8933,626.36,0.9363886111111112
2022-11-23T00:00:00.000+0000,0,0,0,0,0,0,0,0
2022-11-24T00:00:00.000+0000,0.7,0.26,0,0,1,9008,514.57,2.4775
2022-11-25T00:00:00.000+0000,0.43333333333333335,0,0,0,0,218,9.03,0.04471972222222222
2022-11-26T00:00:00.000+0000,0,0,0,0,0,0,0,0
2022-11-27T00:00:00.000+0000,0,0,0,0,1,0,0,0
2022-11-28T00:00:00.000+0000,0,0,0,0,1,0,0,0
2022-11-29T00:00:00.000+0000,0.5333333333333333,0.08,0,0,1,3365,317.47,0.7641575
